id,domain,status,purchase_price,renewal_price,attractiveness,demand,length,registrar,created_at,expires_at,status_verified_at
53402df2-62fd-40cd-a88e-b1a1555ed9e4,earthworms.cloud,available,,,high,low,10,,,,
52f94a0d-e3cb-41a0-9fcd-31be23ae30f9,untainted.cloud,available,3.98,32.98,high,low,9,namecheap,,,10/09/2026 18:22
1df8bead-c08f-4a78-b6a1-795f1732665b,elector.cloud,available,,,high,high,7,,,,
7feb9db4-49b1-41db-9612-cbe4f4477b02,countersign.cloud,available,,,high,medium,11,,,,
6ca822d0-d248-46b4-bf9b-605988f5674e,texted.cloud,available,5.29,25.99,medium,low,6,namesilo,,,20/09/2026 17:16
87592ffe-68ab-40ce-9c91-df63a7f90306,goalpost.cloud,available,,,high,high,8,,,,
0795b72e-8f87-4587-8276-0539c2fabb70,reembark.cloud,available,,,high,high,8,,,,
7e223a66-0003-439c-9602-fde6fdf0a56b,seasick.cloud,available,3.98,32.98,high,low,7,namecheap,,,
bfea27a4-3953-4aae-98ac-f640bacbca22,hadamard.cloud,available,,,high,high,8,,,,
8aff64a1-badc-4d8e-adbe-382b4603d6a8,grandpapa.cloud,available,,,high,high,9,,,,
93f56830-440f-4d51-aa0e-b22ab5fd529b,thinkers.cloud,available,,,high,medium,8,,,,
af313ef2-fb95-4518-8dd2-fd83e2b091f9,burden.cloud,available,32.98,,high,low,6,namecheap,,,
c46d17e3-86d7-486e-965c-46db51337080,atlas.cloud,resell,,,high,medium,5,GoDaddy,12/02/2020 14:39,13/02/2027 14:08,20/09/2026 21:47
31b226b7-9ba3-4799-ab5a-6473fe0cc830,mpaa.cloud,available,,,high,high,4,,,,
0285f8e4-6e12-4998-838f-83540626c771,denominators.cloud,available,,,medium,low,12,,,,
1efe6467-297c-4952-9f20-40a5614e5a5e,brush.cloud,resell,,,high,low,5,"Chengdu West Dimension Digital Technology Co., LTD",13/05/2019 00:26,13/05/2027 00:26,
0b07e928-1d3e-46a1-90cc-54ae29aff89b,amaranthus.cloud,available,5.29,25.99,high,low,10,namesilo,,,18/09/2026 15:51
3ecd7e40-c7d4-4fd1-b80a-afa6669d2401,nearer.cloud,available,5.29,25.99,high,low,6,namesilo,,,
71c866b5-02d1-4e40-851a-fb0112e4102d,merchant.cloud,available,,,high,high,8,,,,
623f8e85-b85c-43f8-bfec-b3c6c0b8b435,bootless.cloud,available,3.98,32.98,medium,low,8,namecheap,,,10/08/2026 19:37
7b0e9ce6-b11d-46d4-bc02-a1496e2e7a56,bottom.cloud,resell,,,high,low,6,Porkbun LLC,09/05/2019 00:26,09/05/2027 00:26,09/08/2026 11:50
0b97e78a-5463-4a7b-a6fd-9f827113b1e3,westleigh.cloud,available,,,high,high,9,,,,
d27ee1e7-dfad-47b6-a366-40bf103fb260,proudest.cloud,available,,,high,low,8,,,,
ab9762db-ff82-4024-80a5-477631b94ff1,manboy.cloud,available,,,high,high,7,,,,
8376d9bc-411d-4972-b880-bedcfaf42879,xerography.cloud,available,,,high,high,10,,,,
68c73800-c362-4c5d-b432-98ad75433b8a,ingrown.cloud,available,3.98,32.98,high,low,7,namecheap,,,22/08/2026 04:56
d07430c9-1cd3-4795-8684-d7803f4dc711,assents.cloud,available,,,medium,low,7,,,,
b51471e8-c12b-47e1-bb6f-412e882f9f15,contrasting.cloud,available,5.29,25.99,high,low,11,namesilo,,,
8da477b5-4ac8-4848-a3c7-6670b4dc3059,counterchanged.cloud,available,,,high,high,14,,,,
341cd114-c143-4195-a228-c1881e452984,sermonise.cloud,available,,,high,high,9,,,,
013906b7-2407-4d94-978e-f55d66dbdc56,reminiscent.cloud,available,,,high,high,11,,,,
3f52b91e-b671-4c8f-b153-53f00656003f,railroading.cloud,available,,,high,low,11,,,,
1cd0d4d2-790b-4558-ac07-50cc00a23703,panipat.cloud,available,5.29,25.99,medium,low,7,namesilo,,,22/09/2026 15:36
bc7f595a-42df-4545-bd2a-4bf2b29410fe,sextet.cloud,available,3.98,32.98,high,low,6,namecheap,,,
e88179ae-9553-4772-8ef1-9fa4951e8c2f,copinula.cloud,available,,,high,high,8,,,,
f5dbe028-42cc-4afa-9d37-47f5d0dba7a0,digitization.cloud,available,,,high,low,12,,,,
97f01fc2-53d2-46b9-ad23-99bef909889e,musclebound.cloud,available,,,high,high,11,,,,
74039827-8e1c-4aad-b46d-0544c53d7349,frienemy.cloud,available,,,high,high,8,,,,
c417cff5-f134-4cfc-8e52-2e6750e7cee0,souvenir.cloud,available,,,high,high,8,,,,
595397ca-a25d-4c67-834e-ab4c2df8315c,amative.cloud,available,3.98,32.98,medium,low,7,namecheap,,,
55adfac2-ea81-40e4-8b85-6b95f160df36,gardens.cloud,available,,,high,medium,7,,,,
379cb9d1-7229-4d64-812d-b199ac76f863,kinjarapu.cloud,available,,,high,high,9,,,,
5a4e2181-4adb-4442-a096-8c0347830ba8,judaic.cloud,available,3.98,32.98,high,low,6,namecheap,,,22/08/2026 13:17
6bed3dd0-fd23-46b8-92e5-f563cbc4a030,trekkies.cloud,available,,,high,low,8,,,,
90ceb992-b6f2-46da-aa42-ecc935c11266,fame.cloud,premium,224,280,high,low,4,namecheap,,,
2a274d84-b6be-49c2-9a3e-ed6e345a6b69,guest.cloud,resell,,,high,low,5,Porkbun LLC,16/08/2019 00:01,16/08/2027 00:01,20/09/2026 22:50
9867f7a5-a64b-46df-ba8a-101396296090,reassured.cloud,available,3.98,32.98,high,low,9,namecheap,,,09/09/2026 11:12
a1ba6afc-2781-4406-a0ce-2d072380b17f,wonderment.cloud,available,,,high,high,10,,,,
2d20bba0-7898-421f-96e0-e8faad4c31e3,danceable.cloud,available,39.99,39.99,high,low,9,name.com,,,13/08/2026 16:59
76ebe93b-9065-4636-a79a-1db43386bec6,spotless.cloud,available,3.98,32.98,high,low,8,namecheap,,,21/08/2026 20:48
382964d3-0466-4412-9215-694e3182ec46,dab.cloud,available,,,high,high,3,,,,
f4015845-007c-408e-8212-0713a5be27da,euroskeptic.cloud,available,,,high,high,11,,,,
8e5496aa-52d3-4eda-bb65-3c418f58c74c,endocrine.cloud,available,3.98,32.98,high,low,9,namecheap,,,17/08/2026 01:00
70b35d86-3cf8-4f5f-85fc-4190864d6344,weighs.cloud,available,,,high,low,6,,,,
43592b1f-7ae1-49da-b707-9da79f99d44a,quests.cloud,available,,,high,medium,6,,,,
57f44c66-071c-4471-b158-fd7d21b86fe6,shonky.cloud,available,,,high,high,6,,,,
7d7a91d8-0679-467b-9267-e110b5f66f59,teachingly.cloud,available,,,high,high,10,,,,
c858ad31-31be-44d7-9b07-20c1ec27cef6,funneling.cloud,available,,,high,high,9,,,,
a4933732-e27b-4b61-a2f7-87e3e3201e20,jugful.cloud,available,,,high,high,6,,,,
b1ba21cb-855a-481c-8f08-ddcbd1d2003c,papergirl.cloud,available,,,high,high,10,,,,
660c7f93-2e2f-4312-9772-37e542ebd3e9,autarchism.cloud,available,,,high,low,10,,,,
6f4869ef-e668-49e8-90d2-622fb42e1770,knives.cloud,available,,,high,medium,6,,,,
d8afc186-e29b-407e-b301-b7d3da4581c0,yetis.cloud,available,,,medium,low,5,,,,
e39f9eb6-d4ff-4dd8-b863-1f7cb0c2ef47,awkward.cloud,available,5.29,25.99,high,low,7,namesilo,,,22/09/2026 15:31
d951ea87-f325-4128-a811-e139ce55434d,poorly.cloud,available,3.98,32.98,high,low,6,namecheap,,,25/09/2026 07:34
ed29ea2e-cfa9-4a2d-9c80-8ce2f5d24c2c,aluminumlike.cloud,available,,,high,high,12,,,,
c5ac7d78-8666-4653-9754-1d3ffa6d348c,expediency.cloud,available,,,high,medium,10,,,,
ded53159-6d23-40fe-88bb-f4b69d74e700,aramus.cloud,available,5.29,25.99,high,low,6,namesilo,,,19/09/2026 23:57
a744b588-f001-40f2-a916-eb5496c90b41,gridpoint.cloud,available,,,high,high,10,,,,
3606ced7-8f99-4bb6-bddc-381e1f55d4e5,wakizashi.cloud,available,,,high,high,9,,,,
6b5fbaee-55aa-4c1c-91f3-0e1d06a7bdd4,statehouse.cloud,available,,,high,high,10,,,,
6e3dad94-31e2-4148-aaeb-4c6da4565189,baronet.cloud,available,5.29,25.99,high,low,7,namesilo,,,22/09/2026 07:28
3a9f0f20-9b81-4f22-8c06-6aa218d06bce,tinctures.cloud,available,,,high,low,9,,,,
24f53e0b-1fc3-4512-8777-e25b2e017521,lisbon.cloud,premium,224,280,high,low,6,namecheap,,,
dafbeebc-e045-4787-9116-e5a221617b11,condor.cloud,resell,,,high,low,6,,,,24/09/2026 17:10
1f2371ef-76e4-4b70-9f64-ff46763e866a,colorwork.cloud,available,,,high,high,9,,,,
f5c2d1ae-4329-4b98-8825-13f06b3b84cf,port.cloud,premium,2660,2660,high,low,4,namesilo,,,25/09/2026 13:07
035b0668-e37f-4a81-8343-e735bc1824e2,insectivorous.cloud,available,,,high,high,13,,,,
29216902-d4de-4fe9-85b6-260e9211b12a,aerogramme.cloud,available,3.98,32.98,high,low,10,namecheap,,,17/09/2026 13:05
0dda5547-db67-4a24-a22e-75bfa7dc3f34,arminius.cloud,available,5.29,25.99,high,low,8,namesilo,,,20/09/2026 07:08
69d671ba-0bb2-456d-b12e-1498212ac7c8,moths.cloud,available,,,high,low,5,,,,
f84a8876-cf37-477c-bd97-419fcf70be02,sunbaked.cloud,available,3.98,32.98,medium,low,8,namecheap,,,
58b23910-a894-4698-82a3-18dc2f0b0463,iodinate.cloud,available,,,high,high,8,,,,
106c23bf-9502-44c5-92b9-760a1862237a,getts.cloud,available,,,high,low,5,,,,
7acc2ec3-8319-4824-a0f2-9bf33f650496,boxwood.cloud,available,,,high,high,7,,,,
7b7e2f91-97db-439f-8ae8-cd92e674feab,deflection.cloud,available,3.98,32.98,high,low,10,namecheap,,,24/09/2026 21:20
f185ace7-d71c-4250-b551-6bfad34a1a2a,lacklustre.cloud,available,3.98,32.98,medium,low,10,namecheap,,,22/08/2026 18:09
fc7e1390-6b63-4745-ad30-be5c7e140aaa,nanas.cloud,available,,,high,medium,5,,,,
7a19301f-6045-43cb-a3d7-89909c884765,iran.cloud,available,,,high,high,4,,,,
338b1d06-82f0-4b91-85c5-4b7ad2827788,gestation.cloud,available,,,high,high,9,,,,
a06f7acf-ec12-4fa8-ba00-d2a011303ddf,excitement.cloud,available,5.29,25.99,high,low,10,namesilo,,,25/09/2026 05:50
9bdaacba-3a6d-48dc-a888-f446f9eb0c6a,roams.cloud,available,,,high,low,5,,,,
229af2a0-5c33-422d-8dc1-bf8fea362377,exercised.cloud,available,,,high,high,9,,,,
4fb32a0a-1ccc-40ed-a4ea-bece778b7222,redirected.cloud,available,,,high,low,10,,,,
77fb3050-ba02-4664-90b7-d95735ea01dd,babes.cloud,available,,,high,low,5,,,,
7788b3ab-f5b1-4710-be68-8621610bf5e5,hmongmien.cloud,available,,,medium,low,10,,,,
0bb7185d-9879-4868-b33a-609ac5075f15,propagated.cloud,available,5.29,25.99,high,low,10,namesilo,,,
89b2cbcf-48fe-41d3-97f3-a6e18ee8aa93,opened.cloud,available,,,high,low,6,,,,
0e1bc951-cb31-428e-8207-806dc2f2f7cd,monition.cloud,available,5.29,25.99,high,low,8,namesilo,,,17/09/2026 09:04
0faa4080-cbe2-4516-b1bc-e61c4a3f9743,philosopher.cloud,available,,,high,high,11,,,,
b3f2cdd6-fe8e-430a-a33b-a1258acd7af4,inversion.cloud,resell,,,high,low,9,,,,19/09/2026 03:24
612c3397-47f8-488d-90b8-61b05c166c0c,swappiness.cloud,available,,,high,high,10,,,,
e8b0f8b1-bd8c-4e2e-8082-169f39574c47,drainboard.cloud,available,,,high,high,10,,,,
d2108fc3-5b3c-43b0-b170-9bc304478a1f,interactions.cloud,available,,,high,medium,12,,,,
767d2abe-bee2-418a-b564-8a8fb08407c3,ackack.cloud,available,,,high,low,7,,,,
a7719f9d-8964-4fd0-9636-f82873a7b06f,coleslaw.cloud,available,,,high,high,8,,,,
d4d62d22-75c8-49fe-a0f6-2bb01408f39b,desired.cloud,available,5.29,25.99,high,low,7,namesilo,,,24/09/2026 00:57
df3fd75a-2564-44ab-b6a0-0e7b0e7c927a,dry.cloud,premium,1107,1107,high,low,3,namesilo,,,24/09/2026 12:15
092c25e6-4922-4eb3-b033-c5cbf3153744,cloudiness.cloud,available,3.98,32.98,high,low,10,namecheap,,,04/09/2026 20:28
3190f4b2-1c39-4bf9-9fbe-fcb66bd8b619,outermost.cloud,available,3.98,32.98,high,low,9,namecheap,,,04/09/2026 19:17
fa329918-b938-473e-97e8-95973e148ecf,drafted.cloud,available,,,high,high,7,,,,
e8980201-cb17-426b-b3bd-cb8649665101,frere.cloud,available,,,high,high,5,,,,
490844d3-e97e-4873-89e1-1a29b937805b,strokes.cloud,available,,,high,high,7,,,,
c69bd025-ce81-40a1-9932-dcf91a615ccc,resistor.cloud,available,,,high,high,8,,,,
519a1c44-54dd-4e36-8469-6857a65ecb0d,customshouse.cloud,available,,,high,high,12,,,,
41482865-158c-4e6e-95c5-23c659fd2f8c,artificially.cloud,available,,,high,high,12,,,,
35c4a409-677f-48af-923e-e2f1f9706353,considered.cloud,premium,208,260,high,low,10,namecheap,,,23/09/2026 20:51
bbe56466-cf1f-4f8c-baeb-f543fab71705,araxes.cloud,available,5.29,25.99,medium,low,6,namesilo,,,20/09/2026 00:19
99d23649-4c3e-431d-a7a5-485caeb2f786,puddings.cloud,available,5.29,25.99,high,low,8,namesilo,,,19/09/2026 22:22
00151b93-2bd5-40cd-848a-618eb0b8c281,noncancer.cloud,available,,,high,high,9,,,,
519b6ce7-f69f-41ec-b08a-6d886e6832e8,anemia.cloud,available,5.29,25.99,high,low,6,namesilo,,,19/09/2026 01:16
40610a5d-1781-42a9-9787-173649f03928,selections.cloud,available,5.29,25.99,high,low,10,namesilo,,,20/09/2026 10:53
e1134a2f-09e3-4ec6-b5e8-2936135cd58e,authorize.cloud,available,,,high,high,9,,,,
3a225fc9-5ac2-4ce1-b3c9-015b58d94d76,briskly.cloud,available,3.98,32.98,high,low,7,namecheap,,,14/09/2026 01:33
ff1222db-faf6-4946-aa33-3a3909139340,barbells.cloud,available,,,high,low,8,,,,
c33559cc-202d-4cd4-be9e-41bd02eeaeb5,wine.cloud,resell,,,high,low,4,"Spaceship, Inc.",11/05/2018 18:34,11/05/2027 18:34,25/09/2026 15:27
6e9117f3-5c94-4685-b47a-8125008fe258,theosis.cloud,available,,,high,medium,7,,,,
a404d712-70af-43e0-9ca2-649ecf2827e1,missile.cloud,available,5.29,25.99,high,low,7,namesilo,,,
0c478275-675c-4791-832a-5fd8430a0093,clarinet.cloud,available,,,high,high,8,,,,
1bb27a60-2d2f-4126-b32f-7c54fe8b2ab2,aftermarkets.cloud,available,,,medium,low,12,,,,
e38e3c73-924b-4367-8a28-c4861cab19f2,flakey.cloud,available,3.98,32.98,high,low,6,namecheap,,,10/08/2026 10:22
342d7efd-de72-46e2-926d-a2dcc5644353,cant.cloud,premium,520,650,high,low,4,namecheap,,,13/09/2026 04:09
fdd6873c-a8f8-49d2-bd1e-33cf5736cda5,wild.cloud,resell,,,high,medium,4,"NameSilo, LLC",05/05/2017 03:14,05/05/2028 03:14,22/09/2026 17:18
67d33541-5855-4d37-9c66-efa37e5c0d2f,confidente.cloud,available,,,high,high,10,,,,
4ce73c62-afcc-4f4c-8253-c4829ebe898f,noodle.cloud,premium,640,640,high,low,6,namesilo,,,24/09/2026 06:38
53b95fc6-7c57-4200-9ed4-0348b309e792,quayside.cloud,available,,,high,high,8,,,,
5c5c41b8-5428-4f63-9dfe-7479b799b2e9,tidily.cloud,available,5.29,25.99,high,low,6,namesilo,,,16/09/2026 09:05
40cf2b36-dc87-45cd-ace4-a61c14a5feea,journeyman.cloud,available,5.29,25.99,high,low,10,namesilo,,,
46fa00a1-1fd0-4651-8ed2-9390d483bf4d,hypervelocity.cloud,available,,,high,high,13,,,,
887bf9c9-a3b9-4a4b-a415-bd259a3dc9eb,cardia.cloud,available,,,high,high,6,,,,
629a2bd2-43bf-4e97-b247-c32ee28a22f3,noticeability.cloud,available,,,high,high,13,,,,
80fa23ba-de5a-414c-a327-bd6de108d742,gamelike.cloud,available,,,high,high,8,,,,
3a938b0b-fa92-421f-9c78-eccc9b985b6e,urges.cloud,available,5.29,25.99,medium,low,5,namesilo,,,16/09/2026 09:15
ed3cb966-b9ef-4950-a296-6fcb7d6363a3,bootikin.cloud,available,,,high,high,8,,,,
711f0bc2-521c-4252-a5d8-924b07c6a900,cyberteacher.cloud,available,,,high,high,12,,,,
8a1926af-7d7f-4dd7-909d-97fa1c980a3f,adjuvant.cloud,available,3.98,32.98,high,low,8,namecheap,,,
3f1eb799-b3fd-429b-93f4-c3eec0e2b9f6,gramme.cloud,available,5.29,25.99,high,low,6,namesilo,,,
8928185f-c0a2-4603-8004-dec959bd867f,lightable.cloud,available,,,high,high,9,,,,
8b5cff11-af2e-452d-93c8-5ebebc3db5fb,whissendine.cloud,available,,,high,high,11,,,,
2cc80d92-bc22-498e-a6d1-36dd4639340d,usherette.cloud,available,,,high,high,9,,,,
6045357f-8114-4d8a-9a61-3124a9447776,cabby.cloud,available,,,high,high,5,,,,
b907a628-ef84-428e-b026-853318f18897,octuple.cloud,available,3.98,32.98,high,low,7,namecheap,,,15/08/2026 21:25
a21b846d-cdea-4baa-b268-74b09c23fb9f,mansions.cloud,available,,,high,low,8,,,,
1f4a0fe0-00fc-44b8-b025-fda95e270e4d,waddling.cloud,available,,,high,high,8,,,,
1c352596-33c2-49be-8869-6ff99577dd23,shelford.cloud,available,,,high,high,8,,,,
8017bb05-708f-4d3a-8cc2-74e684ae83b4,biwa.cloud,available,,,high,high,4,,,,
c70b97f3-eceb-4bf8-bd79-e47237a2ffa4,mooting.cloud,available,,,high,medium,7,,,,
3dee3339-04bd-42db-be9a-ff78580a33d5,ezekiel.cloud,available,,,high,high,7,,,,
c2cb4506-f93e-42a8-8900-4f4ed13afbc2,indirectly.cloud,available,3.98,32.98,high,low,10,namecheap,,,15/09/2026 07:58
92187995-afe8-435c-83ca-70ed1dcb23c0,bibimbap.cloud,available,,,high,low,8,,,,
3d290086-30cf-4152-a6cd-b6138889d8ec,resect.cloud,available,3.98,32.98,high,low,6,namecheap,,,17/08/2026 15:12
942cafe8-8d1f-471a-a71f-6507f724ccfc,pore.cloud,available,,,high,high,4,,,,
14ed921f-eeec-49e0-b5c6-7daf9404f29e,apothegm.cloud,available,5.29,25.99,high,low,8,namesilo,,,19/09/2026 17:10
75aa67d3-3262-43a9-a08f-58173a653e8d,alvie.cloud,available,,,high,high,5,,,,
7f466bd9-4670-4990-95f1-3bc1d7774350,picnickers.cloud,available,,,high,low,10,,,,
402f0883-8f56-47ea-b088-f7336c59bb76,ribsteak.cloud,available,,,high,high,8,,,,
c06680fb-2964-4cf0-a3f7-9e51e1206552,formerly.cloud,available,5.29,25.99,high,low,8,namesilo,,,24/09/2026 15:13
9f02f96a-4664-4db6-a0d7-0f3b7c6e5d7d,resurfaced.cloud,available,,,medium,low,10,,,,
73fea3bc-02f8-4d1c-abe3-eeb27367e9a8,sloshing.cloud,available,,,high,high,8,,,,
3f74eb88-8eb0-4802-aab7-4857d1854ec4,brah.cloud,available,,,high,high,4,,,,
f3063ab1-5eb8-4581-94d7-7f927b837a69,relater.cloud,available,,,high,high,7,,,,
43df3a72-0ccf-4209-82c9-18a6fd5d9925,godords.cloud,available,,,medium,low,7,,,,
4225b36d-381f-49d9-8b11-26a5ba353cac,tarantino.cloud,available,,,high,high,9,,,,
c6f8ccb1-cb5d-414f-b9a8-506192dfde4b,fancied.cloud,available,3.98,32.98,high,low,7,namecheap,,,17/08/2026 20:17
9ed84b11-0c07-42cc-9159-625b5a034fef,kickstand.cloud,available,,,high,high,9,,,,
a73de19c-e75f-4374-b8d5-4494716078e4,litigate.cloud,available,5.29,25.99,high,low,8,namesilo,,,17/09/2026 05:06
fdfc37a5-d2ad-4609-bc67-4433f447879f,highbinder.cloud,available,,,high,high,11,,,,
577e548b-aab5-4fbf-b0f8-50a323f97661,solarise.cloud,available,,,high,high,8,,,,
22a11433-2d36-42df-adc5-2e412047f36a,aspirator.cloud,available,5.29,25.99,high,low,9,namesilo,,,20/09/2026 15:23
a26b7309-5cbc-4f18-944a-8632390b39e4,mugwump.cloud,available,3.98,32.98,high,low,7,namecheap,,,22/08/2026 02:43
6da6ef33-6b67-41d2-b54e-5dd5d1a5d999,uturn.cloud,available,,,high,high,6,,,,
7d28211e-9d39-4480-a0c6-8c303e9de90e,vacationing.cloud,available,,,high,low,11,,,,
8064e9f0-9895-44b2-82d7-c5c44a5b286a,pompom.cloud,available,,,high,low,7,,,,
5bcc5248-dc18-483f-8175-b87ae77a1ecb,adware.cloud,available,,,high,high,6,,,,
630338b9-3487-4289-a213-193558868d9a,windbreak.cloud,available,,,high,high,9,,,,
f16943d7-1d3d-4a28-8e14-f1b10deb4d73,pumpkinish.cloud,available,,,high,high,10,,,,
925e6acf-7fac-4d36-b993-7431c7ea5a79,acclivity.cloud,available,3.98,32.98,high,low,9,namecheap,,,16/09/2026 22:40
a209d945-8d8e-4adf-b512-f9db35144d02,tucking.cloud,available,,,high,high,7,,,,
46be22ad-e9f2-490f-9df2-0362449ce68e,cutaneous.cloud,available,39.99,39.99,high,low,9,name.com,,,13/08/2026 12:54
2a5400ec-703e-4fa4-8cdb-05cc47abbed8,disclosing.cloud,available,,,high,medium,10,,,,
fccd6f3e-2dfa-41b3-a4c6-6571484db157,lingers.cloud,available,,,medium,low,7,,,,
0d884136-e909-4ebc-8b8d-8ee8b3d659f1,treeing.cloud,available,,,high,high,7,,,,
199c8eb1-8b04-4b0a-815d-7e907e4d8926,woah.cloud,available,,,high,medium,4,,,,
b0a95e8b-04f0-4a75-b86e-999ce728efd1,bbs.cloud,premium,650,1300,high,low,3,namecheap,,,22/09/2026 18:34
e1548350-6695-43d1-8645-58ced000bd09,redevelopment.cloud,available,3.98,32.98,high,low,13,namecheap,,,20/09/2026 23:43
0a696a73-39d4-4f91-9441-6500d5bb8ea7,sass.cloud,premium,1300,2600,high,low,4,namecheap,,,21/09/2026 14:47
ce4b18e1-2fce-477f-b8f1-e7dc29d12c25,subinternship.cloud,available,,,high,high,14,,,,
15dcdd70-4d23-463e-a34c-23767fa28ee9,gallinula.cloud,available,,,high,high,9,,,,
ef5f5735-0d87-4e3f-b0a0-8cc87a721547,coalesce.cloud,available,,,high,high,8,,,,
045ac872-8ff6-4950-9d91-3f33c3f7ba08,haylike.cloud,available,,,high,high,7,,,,
5c834300-62f3-48ed-9082-017be128e37f,rudderstock.cloud,available,,,high,high,12,,,,
ba9349a3-0142-4acb-94fb-e82f6b764c19,neologism.cloud,available,,,high,high,9,,,,
ec656e60-94e2-4fc2-bc59-c626e52d0c22,reimbursement.cloud,available,,,high,high,13,,,,
e953106b-a385-46ea-94b5-8d702e350341,exports.cloud,available,,,high,low,7,,,,
5cbc4888-6b2b-439a-9968-972496e72b44,savory.cloud,available,,,high,low,6,,,,
5e3a0b65-2a45-4394-a22e-544fccd75386,divination.cloud,available,,,high,high,10,,,,
d2be9a51-9e6f-408b-b546-29927ba8d658,hibernator.cloud,available,,,high,high,10,,,,
cf889ebe-bd55-4629-b76d-57a4275ee448,stonebuilt.cloud,available,,,high,high,10,,,,
72570cf3-1038-4f25-9412-3e74448a5bae,sordid.cloud,available,3.98,32.98,high,low,6,namecheap,,,10/09/2026 14:29
5549f3de-5528-4dc0-891a-18905355b9c3,sas.cloud,premium,2660,2660,high,medium,3,namesilo,,,25/09/2026 10:36
1ba210b7-dd58-4f0b-922b-9af1482a338a,squadrons.cloud,available,,,high,low,9,,,,
ca76010f-f312-4bf7-b332-e0288cddf916,lifelore.cloud,available,,,high,high,9,,,,
a27f9e97-e0d4-42c3-9a28-27a0ba8e1138,adding.cloud,available,5.29,25.99,high,low,6,namesilo,,,
1680bdf2-166b-4db4-8377-3ca67ee2ecef,fined.cloud,available,,,high,low,5,,,,
762efad1-2fd0-4fc9-8cc2-4012ae3ec354,semaphored.cloud,available,,,medium,low,10,,,,
9580a9fc-ecda-4669-8aeb-4a6db2650afb,optionally.cloud,available,5.29,25.99,high,low,10,namesilo,,,
674da290-b9ce-4276-947a-63dfeebe802f,polenta.cloud,available,,,high,high,7,,,,
661dcd8a-72c4-4ce9-841a-5d98b90fd68d,armadas.cloud,available,,,high,low,7,,,,
e5e7d4c7-233a-4955-a765-a8fa2b7c5b2b,martyrdom.cloud,available,,,high,high,9,,,,
d98ff9da-bb3b-47f3-9319-91adf1392150,godparental.cloud,available,,,high,low,11,,,,
f4394b90-870b-4eb8-bddc-137c171c3ceb,seedborne.cloud,available,,,high,high,9,,,,
b6546d6d-8477-4aac-88c9-1cc11d224b7d,entrant.cloud,available,3.98,32.98,high,low,7,namecheap,,,18/08/2026 07:36
f79285dc-0076-42c0-aac4-1179e2e1cae7,colourbound.cloud,available,,,high,high,11,,,,
83254452-01cf-4fd4-a987-478086550128,revenue.cloud,resell,,,high,low,7,"Name.com, Inc.",16/02/2016 15:00,16/02/2027 15:00,
7d039bf0-2542-48d5-8e1d-c0dec73697a2,aware.cloud,resell,,,high,low,5,GoDaddy,16/02/2016 15:27,16/02/2027 15:27,25/09/2026 20:16
352c2681-64ef-4a85-8fd6-b728da0db040,shipboard.cloud,available,3.98,32.98,high,medium,9,namecheap,,,10/09/2026 06:35
04247f67-329a-4880-b2ec-ad450b6ec2ed,arpeggio.cloud,available,5.29,25.99,high,low,8,namesilo,,,20/09/2026 08:37
ea50acf2-94aa-45ba-b97d-0858d22c5626,portholes.cloud,available,3.98,32.98,high,low,9,namecheap,,,19/09/2026 21:54
8904de80-12de-4922-ae8c-8e190c12afa1,valency.cloud,available,,,high,high,7,,,,
508d7b76-04b8-4f6b-becd-cc24f069fc4a,bulbospinal.cloud,available,,,medium,low,11,,,,
cd98dec3-df8e-488d-866b-cf1c34c310dc,allegorically.cloud,available,,,high,high,13,,,,
a81a84d9-b31c-4a1e-bb36-497e6e513f43,severed.cloud,available,39.99,39.99,high,low,7,name.com,,,13/08/2026 12:32
ae4d333d-425b-439b-b378-1e720c520c32,impetuous.cloud,available,3.98,32.98,high,low,9,namecheap,,,11/08/2026 01:36
b92d5c6b-91be-40ec-b9e6-98bdd582fa88,smoothness.cloud,available,,,high,high,10,,,,
5e7365d1-11e4-4960-8f20-417ca8087a98,contribution.cloud,available,,,high,high,12,,,,
13f000a8-2764-4141-8d23-ddaf09b0dca8,emigrant.cloud,available,,,high,high,8,,,,
f96649b6-cbe0-47cb-9e1c-abfd3f804f9e,cruella.cloud,available,,,high,high,7,,,,
8cb40da9-5799-471b-89b2-2904015bc4b6,field.cloud,resell,,,high,low,5,GoDaddy Online Services Ltd.,16/02/2016 20:46,16/02/2027 20:46,
d4c66471-0990-4f67-bdc3-623e31cfaf59,fusty.cloud,available,3.98,32.98,medium,low,5,namecheap,,,18/08/2026 16:42
d8d36b80-16b3-4f8d-be5e-e7dbb2528ff0,exceptionally.cloud,available,,,high,high,13,,,,
58899821-7881-4dd9-9326-837ea600514a,motor.cloud,premium,1107,1107,high,low,5,namesilo,,,25/09/2026 21:51
61e98b00-5f6d-4e99-a257-8e0056c3859c,billyo.cloud,available,9.99,39.99,medium,low,6,name.com,,,18/09/2026 09:10
e4c6911d-840a-4dca-bf7b-ec76f572f5c7,nyctalopia.cloud,available,,,high,high,10,,,,
ddda8d90-ef04-4208-861e-2bd736315c9d,bandstand.cloud,available,5.29,25.99,high,low,9,namesilo,,,22/09/2026 01:32
d1549058-b3a0-44f6-ba4d-321838d1e7e2,goldtone.cloud,available,,,high,low,8,,,,
92e94112-8042-4160-b804-f11ee9c231ab,prance.cloud,available,3.98,32.98,high,low,6,namecheap,,,11/09/2026 05:09
2addfb40-9e4c-4cab-a2eb-98fe500aaa7d,formidable.cloud,available,,,high,low,10,,,,
2ec8dbaf-bbc4-4445-a286-77116b79d5dc,prudent.cloud,premium,560,700,high,low,7,namecheap,,,
d4a338f2-bb01-4248-9f03-b4ef1c9d6f31,flatboats.cloud,available,,,high,low,9,,,,
5547d393-2e63-4a59-b88a-575904a1594d,buick.cloud,available,5.29,25.99,high,high,5,namesilo,,,24/09/2026 08:30
dc3c4648-9025-40b2-9a6b-d621198b629a,steeplechase.cloud,available,,,high,high,12,,,,
b84b136f-c13f-4111-99be-d536c54860f4,populariser.cloud,available,,,high,high,11,,,,
d0264a88-0fb4-4752-bc7a-0163db1e2643,unwitting.cloud,available,3.98,32.98,medium,low,9,namecheap,,,12/09/2026 14:24
62688466-a3b0-4414-a213-1ea24a52e994,reedlike.cloud,available,3.98,32.98,high,medium,8,namecheap,,,09/09/2026 12:27
294639c1-99d0-4206-bb05-c91ce971b1ed,gospich.cloud,available,,,high,high,7,,,,
ac104c4c-f877-4b8e-9154-10bd15f27ea4,multilateral.cloud,available,5.29,25.99,high,high,12,namesilo,,,25/09/2026 12:15
38df0c44-53b6-4920-a7c3-57352ea70089,slapheaded.cloud,available,,,high,high,10,,,,
de91af72-9c54-4c7b-95a8-8aa2c975ba02,speakerphone.cloud,available,,,high,high,12,,,,
f77ab788-acef-4f21-b492-f5461c44327c,novelists.cloud,available,,,high,low,9,,,,
f446baed-15cd-4c28-80df-0fe5088f989d,launders.cloud,available,,,medium,low,8,,,,
3b84013c-de8f-4b66-b775-0951db02bc56,raft.cloud,resell,,,high,low,4,"Dynadot, LLC",01/03/2019 07:47,01/03/2027 07:47,25/08/2026 00:40
66719bc6-a6af-45b3-90cb-f169a09fad98,nonsexist.cloud,available,,,high,high,9,,,,
5bd71e78-d6b5-4b15-b470-93a00520d85f,nobleness.cloud,available,,,high,high,9,,,,
5b97aea7-4ebe-4217-9e3f-9fb16f4a6310,septuple.cloud,available,3.98,32.98,high,low,8,namecheap,,,10/09/2026 04:23
c4c0ca5a-b83a-4444-bc29-32361425a19d,uganda.cloud,available,,,high,high,6,,,,
3a10136c-0bba-4a4b-b4b6-d3fe1a91fb67,byzant.cloud,available,5.29,25.99,high,low,6,namesilo,,,23/09/2026 12:17
c7140c2c-69e4-4558-ba22-d0aa768014cd,euclidian.cloud,available,3.98,32.98,high,low,9,namecheap,,,17/08/2026 14:04
3f2a81e3-ca33-430f-bec9-633840ba8fd0,flogging.cloud,available,3.98,32.98,high,low,8,namecheap,,,22/08/2026 20:16
f4ecea80-032a-4226-9ca5-941b8e0fbc20,clans.cloud,available,,,high,high,5,,,,
bb09a629-9c54-42b2-88b6-d449d0c921ce,tangential.cloud,available,3.98,32.98,high,low,10,namecheap,,,14/08/2026 07:29
f3c9cc49-4366-4978-bd20-2b8758638d21,seasoning.cloud,available,,,high,high,9,,,,
a4559f32-d2e2-48a5-adf7-4b3edb14c9a6,alluvion.cloud,available,3.98,32.98,high,low,8,namecheap,,,18/09/2026 12:21
d216757f-bf6c-4c3d-80e2-20ca5dc518c3,decayable.cloud,available,3.98,32.98,medium,low,9,namecheap,,,13/08/2026 20:54
5d196878-b337-4cc0-b1cb-baa69628f751,multiorgasmic.cloud,available,,,medium,low,14,,,,
0afcb812-51b1-41a7-a076-0826eb1aae79,hepatic.cloud,available,3.98,32.98,high,low,7,namecheap,,,21/08/2026 06:47
54ab333f-8783-4fa5-938d-ac133d8d2b5d,mallards.cloud,available,,,high,low,8,,,,
9eaf6f46-524c-44e0-be17-ca00b5e25a92,irresistible.cloud,available,,,high,high,12,,,,
1d4ff78e-b6ed-42ca-bbd1-93561599ad07,subsidiaries.cloud,available,3.98,32.98,medium,low,12,namecheap,,,20/09/2026 06:35
97cd3954-18c5-495c-93c8-381a9a6351c6,rwandan.cloud,available,3.98,32.98,high,medium,7,namecheap,,,09/09/2026 19:10
9290e763-287a-4bf1-ac34-ed0ee07cfba0,monstrous.cloud,available,3.98,32.98,high,low,9,namecheap,,,07/08/2026 14:47
bb5fecef-cfd8-48c6-b349-5f7bdd60289d,igniting.cloud,available,,,high,medium,8,,,,
ca18c3d7-0656-4b18-b0e8-b96d7a567933,duchamp.cloud,available,,,high,high,7,,,,
0282384e-c409-4c31-9f44-ac535fe620b3,habilitate.cloud,available,3.98,32.98,high,low,10,namecheap,,,19/09/2026 20:06
73bbb5cb-3ffb-47eb-bbc3-173fa0f763bf,transgenderism.cloud,available,,,high,high,14,,,,
1c13e910-5937-43e8-a766-9a7062d083f8,effecter.cloud,available,,,high,high,8,,,,
111edfb8-72fd-4a46-8d99-fe131c7be08a,irregular.cloud,available,5.29,25.99,high,low,9,namesilo,,,25/09/2026 11:26
aa0311ba-5856-4655-9390-d6c3228d14ba,naturalisation.cloud,available,,,high,high,14,,,,
b873176f-0751-4b4f-a57b-a28b0dc996de,boomboxes.cloud,available,,,high,low,9,,,,
4d4f0721-217f-4892-b92e-29c8e9499983,valentine.cloud,premium,242,242,high,low,9,namesilo,,,26/09/2026 00:29
dda00007-baa0-479e-b558-e97c62b3eb7b,asin.cloud,premium,116,116,high,high,5,namesilo,,,20/09/2026 14:15
37352a9a-c992-4849-99a0-a69ce476fbd0,glimmering.cloud,available,,,high,high,10,,,,
8ea73279-77fa-4173-bcf1-80b9d0f34b94,deodorizer.cloud,available,,,high,high,10,,,,
35c1981f-6499-4237-89e1-b8a1abdb2517,coli.cloud,available,,,high,medium,4,,,,
f0b54677-f6f4-4889-96c7-c0576825ad9e,calling.cloud,premium,1107,1107,high,low,7,namesilo,,,24/09/2026 11:48
c332f42e-f51a-4c41-b88c-3a0b26fb2087,continuationism.cloud,available,,,medium,low,15,,,,
f0704b54-e703-439f-830b-e4afa07ca08d,airburst.cloud,available,3.98,32.98,high,low,8,namecheap,,,17/09/2026 23:00
30c4ab53-147d-45d1-baff-fa10d84b9734,promulgating.cloud,available,,,medium,low,12,,,,
11d3faeb-96eb-4f08-9ae2-43125418d542,croon.cloud,available,,,high,high,5,,,,
dc536fb5-45f1-4a28-9a1e-b1fc677c8766,considerable.cloud,available,,,high,high,12,,,,
03265b85-134b-4d9c-9d08-3fa19baa0035,playboys.cloud,available,,,high,low,8,,,,
58a0a6ac-67a0-4c24-953e-0c96d8c5dd33,freer.cloud,available,,,high,high,5,,,,
93e77087-912c-45b4-bff2-6e390966f406,crooning.cloud,available,,,high,high,8,,,,
a1ea7dc8-a2b9-4afa-811d-8b8d302ceb88,kickbox.cloud,available,,,high,high,7,,,,
03563a75-3230-4d32-aecd-934ce3fd0c50,nanette.cloud,available,,,high,high,7,,,,
5b1452e2-f497-4e22-a679-ae5d18583180,notions.cloud,resell,,,high,low,7,NAMECHEAP,08/11/2025 16:20,08/11/2026 16:20,
8120c0e6-3524-42c4-be65-5808eef58d93,hugh.cloud,available,,,high,high,4,,,,
fef596f3-6f4f-408f-972a-46ea994fc20b,timbre.cloud,available,,,high,high,6,,,,
0414eff8-1576-4c41-aa08-65ac620f9993,tomb.cloud,available,,,high,high,4,,,,
081e8832-5017-47b6-ad51-08a160442084,astheny.cloud,available,5.29,25.99,medium,low,7,namesilo,,,20/09/2026 17:17
63ea9713-1788-495c-9d9d-979355c64b37,pillage.cloud,available,3.98,32.98,high,low,7,namecheap,,,08/09/2026 21:56
27666d11-2f2d-45f3-a820-b2c8fe34eb49,floryshe.cloud,available,,,high,high,8,,,,
95b895d6-0f13-4f01-ada6-dfa1dbfcb682,firm.cloud,resell,,,high,low,4,"Name.com, Inc.",11/02/2016 01:45,11/02/2027 01:45,25/09/2026 10:46
81f735a2-a740-4774-8a6f-4c38afe2e63d,reopened.cloud,available,,,high,low,8,,,,
3769f07e-b81e-4456-84db-1f63d59a97ba,cosmetologist.cloud,available,,,high,high,13,,,,
abd6b33b-0b18-4a62-ad88-aec1a56eae40,underwriters.cloud,available,,,high,high,12,,,,
7099b6fa-9e66-4185-bfb8-8da0fa67ae4e,chargeman.cloud,available,3.98,32.98,medium,low,9,namecheap,,,24/09/2026 04:25
b63542bd-b529-42fc-91ca-fecbbad15dde,accompanist.cloud,available,,,high,high,11,,,,
74d5533e-7a89-45af-80f7-30b84d21fc3e,wilful.cloud,available,3.98,32.98,medium,low,6,namecheap,,,18/08/2026 16:39
4635dc53-e0ae-4e93-a215-ffa7b92d527b,pertinence.cloud,available,5.29,25.99,high,low,10,namesilo,,,19/09/2026 21:52
802ba470-d8bf-4eba-8b68-43b08e5e5e3a,capitalisations.cloud,available,,,low,low,15,,,,
81c73ee2-e210-4042-a545-673869e9cf9f,retainership.cloud,available,,,high,high,12,,,,
ff831377-1c3d-4b13-9e28-1932ba50f0bf,commemorate.cloud,available,,,high,high,11,,,,
168c003a-2953-45ec-8a3c-0fb3c0c81b4c,untoasted.cloud,available,3.98,32.98,medium,low,9,namecheap,,,12/09/2026 21:35
da52063f-74eb-4dcc-b68a-3ef5b1a6cce2,samoa.cloud,available,,,high,high,5,,,,
f9621062-47bb-4896-ba3b-20b313374245,incorporated.cloud,available,,,high,high,12,,,,
85c594d8-4c4d-495b-943e-c751b0b3a1d7,periodical.cloud,available,3.98,32.98,high,low,10,namecheap,,,08/09/2026 17:13
f6c2fa0d-3802-4ce2-8076-7e60d84cfe8c,warbling.cloud,available,,,high,high,8,,,,
772f0ea7-b060-41e6-ab0e-a8f9f3a6a714,narcoleptic.cloud,available,,,high,high,11,,,,
f72b0691-6e29-4813-9644-07a62b5a44c4,laurieston.cloud,available,,,high,high,10,,,,
c7082bdc-e43d-4cf9-b6a2-95338253398c,hottest.cloud,available,,,high,medium,7,,,,
126093e5-9717-437d-929d-ab1737c9ae9e,chalks.cloud,available,,,high,low,6,,,,
6b29048c-6154-4d83-a40d-10c60554b20c,lope.cloud,available,,,high,high,4,,,,
99162f6d-c078-4606-9216-0da8172af66b,fortilices.cloud,available,,,medium,low,10,,,,
dab2b39e-d7e7-45b5-bc4f-ecb730199af6,divergence.cloud,available,,,high,high,10,,,,
5a54702c-81d3-439d-9005-fa04f4c2951e,kivinza.cloud,available,,,high,high,7,,,,
186c229d-1d11-4721-8081-e1331c658aec,movingly.cloud,available,3.98,32.98,high,low,8,namecheap,,,15/09/2026 15:35
09920b95-4e7b-4a37-92b3-52539c93f07a,respector.cloud,available,,,high,high,9,,,,
67a7d0fd-417b-44ad-a863-3fdf743c415e,sleeper.cloud,available,,,high,high,7,,,,
7905c1b9-293a-4dc7-9c0a-dac2c6f36df2,gigi.cloud,available,,,high,high,4,,,,
ea2bcdcc-4341-4435-aa44-cdfd0b7933f7,outright.cloud,available,3.98,32.98,high,low,8,namecheap,,,04/09/2026 19:35
b2927401-e950-4a5e-953d-cf49bd3f08bd,solutions.cloud,premium,3250,6500,high,low,9,namecheap,,,25/09/2026 17:56
c788ed8b-f156-4737-b268-8de4ffec3799,waterbike.cloud,available,,,high,high,9,,,,
60fd9a44-192a-48de-90c5-eaa2d6cc3bd4,peleton.cloud,available,,,high,high,7,,,,
bde75cd5-0d0a-45ae-9595-da779d9f869e,inquirer.cloud,available,5.29,25.99,high,low,8,namesilo,,,20/09/2026 14:22
9aff76e5-8304-47dd-be56-c8f3fbc83692,argentinian.cloud,available,,,high,high,11,,,,
73ebd31a-fc36-4e43-868f-8301ef3cde5a,cloggy.cloud,available,3.98,32.98,medium,low,6,namecheap,,,12/08/2026 11:46
2b053ddb-627d-4525-b7fd-fdbc6b8e9e10,semisweet.cloud,available,3.98,32.98,high,low,9,namecheap,,,10/09/2026 03:29
18551ab0-d58a-4c97-b9f6-24dc5ffb39e3,carpets.cloud,available,,,high,low,7,,,,
d9df9155-2fd4-4353-b5ee-958ab2829ecf,overshot.cloud,available,3.98,32.98,high,low,8,namecheap,,,04/09/2026 21:51
9305e9e6-4050-46d1-8bbc-b890db730f58,criticize.cloud,available,5.29,25.99,high,low,9,namesilo,,,
c7e39180-63fa-4c71-87ca-9a2915dd181a,demodulator.cloud,available,,,high,high,11,,,,
8d8becc3-3637-4489-8bc0-a5e905d473b0,refers.cloud,available,,,high,high,6,,,,
538f690a-8040-47c3-b661-60ae1f7d450e,squawbush.cloud,available,,,high,high,9,,,,
f29db211-6bdf-43ca-8f0f-7b65368473d4,trial.cloud,premium,560,700,high,low,5,namecheap,,,
bf7a1b3f-04d5-4146-96a1-902ed97cf819,evangelical.cloud,available,,,high,high,11,,,,
8908c392-78de-4359-a0c2-9b8b1f4fffa1,offsides.cloud,available,3.98,32.98,medium,low,8,namecheap,,,04/09/2026 01:40
6a683d77-b91b-4f03-b619-8a6dd0cf39e1,intrigue.cloud,available,5.29,25.99,high,low,8,namesilo,,,25/09/2026 11:11
9a0990de-92c6-4759-b8be-cb832759ffba,holder.cloud,premium,112,140,high,low,6,namecheap,,,
57643605-f620-411d-b206-17a776365c2b,indianism.cloud,available,,,high,low,9,,,,
72b9682b-3467-4468-8b29-f635756f60e5,maldivian.cloud,available,,,high,high,9,,,,
83f32619-64d5-4088-aca1-553486ad32d6,arioso.cloud,available,5.29,25.99,high,low,6,namesilo,,,20/09/2026 05:35
ed727d20-0111-4dd8-8105-887f6b81a57b,mess.cloud,premium,650,1300,high,low,4,namecheap,,,25/08/2026 00:30
135475b7-6111-4c78-8698-170d78c622b7,lahu.cloud,available,,,high,medium,4,,,,
bc71ff8b-e19a-4006-a760-9fc953325f52,spurting.cloud,available,3.98,32.98,high,low,8,namecheap,,,22/08/2026 13:13
92c4a1d0-1715-4d6f-badf-555435b47833,entities.cloud,available,,,high,high,8,,,,
154fb882-e4b0-45e8-802e-72509e9e8539,wnl.cloud,available,,,high,high,3,,,,
c6777ead-9a29-4234-b225-74631af149a2,assemblage.cloud,available,3.98,32.98,high,low,10,namecheap,,,17/09/2026 17:28
3d9c1b46-72a0-48c3-b6f2-4f0bdecf0ff3,osakan.cloud,available,,,high,high,6,,,,
9cd2cffa-48a1-4907-93f1-481d81080d60,ideational.cloud,available,3.98,32.98,high,low,10,namecheap,,,12/08/2026 19:59
3288694e-e2d1-4d2f-baf6-c6cc65768463,administrator.cloud,available,,,high,high,13,,,,
055d8246-27b2-4a68-b49a-c9af17866d72,bewitching.cloud,available,3.98,32.98,high,low,10,namecheap,,,09/08/2026 18:19
7a478970-b7dc-4f28-ab0b-4d5fb62d6a53,syndetic.cloud,available,3.98,32.98,medium,low,8,namecheap,,,11/09/2026 06:23
06a25d48-9440-4d81-9f1a-5be478e54db4,resistive.cloud,available,3.98,32.98,high,low,9,namecheap,,,09/09/2026 15:23
c093e4a0-dd01-4a05-b0e7-bf6e691641c8,coquet.cloud,available,,,high,high,6,,,,
abeee167-3297-432a-aef9-8a5a0eea02b2,logarithms.cloud,available,,,high,low,10,,,,
d4e3ed3c-8b80-47b8-9eb9-8195d0ce9714,motoring.cloud,available,,,high,high,8,,,,
6154563d-d6fe-4fc1-b50f-a654760bc3d7,passcode.cloud,resell,,,high,low,8,Tucows Domains Inc.,16/02/2016 23:26,16/02/2027 23:26,
df2dbb7b-e2ba-45d8-9d64-25cb4eac113b,stretched.cloud,available,3.98,32.98,high,low,9,namecheap,,,10/09/2026 22:34
666d08a8-8ea0-4ad2-95e2-f6fb7ddf0787,ellipsoid.cloud,available,3.98,32.98,high,low,9,namecheap,,,16/08/2026 04:37
b7a55678-3d37-4fd5-84fe-d2072a966a91,relativistic.cloud,available,,,high,high,12,,,,
3eba5985-46d3-46a9-9bfe-d5c0b35def89,including.cloud,available,32.98,,high,low,9,namecheap,,,
c650fe01-13f3-48c6-8b04-28374e83cfaa,actinic.cloud,available,3.98,32.98,medium,low,7,namecheap,,,
07442476-fb1a-4d81-b9c3-ef02d8130f98,chosen.cloud,premium,104,130,high,low,6,namecheap,,,16/08/2026 02:32
531f36b6-ac9f-4b09-a042-e9ecda95f446,brick.cloud,resell,,,high,high,5,GoDaddy,22/07/2020 00:03,22/07/2027 00:03,24/09/2026 07:20
34f90734-7109-4e64-a349-2d102b3c419b,tackling.cloud,available,,,high,high,8,,,,
f78d7ab8-4022-4bda-b09a-fa839658bdc7,ascii.cloud,premium,1107,1107,high,low,5,namesilo,,,18/09/2026 20:43
a957c5bc-f05f-4b28-8d49-324c749a3f8c,motorise.cloud,available,,,high,high,8,,,,
3dc7d640-9dff-4dc8-9b45-5e48526960df,gallinule.cloud,available,,,high,high,9,,,,
c4c9d9ce-3b9d-4dc5-95ef-6aa1763ce9cc,beers.cloud,available,,,high,medium,5,,,,
55447e97-438e-42dc-a98a-195b696f870b,mandible.cloud,available,,,high,high,8,,,,
26742864-e240-4097-b467-41580f313e14,apologetic.cloud,available,3.98,32.98,high,low,10,namecheap,,,06/08/2026 02:07
2a52eceb-cb92-41c5-8638-4ccc9bc47b26,gfx.cloud,available,,,high,medium,3,,,,
3a9e81de-25e7-46ae-8c28-c050188ee634,goldite.cloud,available,,,high,high,7,,,,
ecae72dc-e75c-4c04-a39c-72ab20e56b09,crossfile.cloud,available,,,high,high,10,,,,
2c1beaed-2f28-4e53-8cbf-e38452dc9e52,protect.cloud,premium,125,,high,low,7,name.com,,,
8d3973fb-e051-4b36-bbdb-fec8b321dc15,triplane.cloud,available,,,high,high,8,,,,
2f673b0a-6b87-4d92-afd3-216769c2ec4b,prodigious.cloud,available,3.98,32.98,high,low,10,namecheap,,,12/08/2026 17:58
bee0a7eb-e783-4773-9400-8815ad7f75ba,cereals.cloud,available,,,high,low,7,,,,
c08a89a5-b419-490a-a2be-f92cb64e20cd,bullpoop.cloud,available,,,high,high,8,,,,
ace7fe0a-df5b-4457-8ac8-75ab7a362c5a,monied.cloud,available,3.98,32.98,high,low,6,namecheap,,,25/08/2026 04:39
f85b2b03-03ab-4f9c-81d5-be3e400ee1c9,purveying.cloud,available,,,medium,low,9,,,,
405ef526-112b-4328-8771-cd28d83f047c,hassles.cloud,available,,,medium,low,7,,,,
6fe1b708-b6fd-4b9b-9580-ee76601043ee,wok.cloud,available,,,high,high,3,,,,
3dfa1145-1349-41d5-a74f-2689bb2b5de1,provencal.cloud,available,3.98,32.98,high,low,9,namecheap,,,09/09/2026 04:28
85bed72a-9fe1-43ec-ba06-828437bcbe00,slipstitch.cloud,available,,,high,high,11,,,,
bf04c5c9-d331-430e-811f-dfaac1be83ce,descriptions.cloud,available,5.29,25.99,high,low,12,namesilo,,,21/09/2026 07:06
1f6f21f2-145d-49d0-a471-d660e1e96a87,carboplatin.cloud,available,,,high,high,11,,,,
654302ff-30a1-403f-9650-0d3de5d55467,scrabble.cloud,available,3.98,32.98,high,low,8,namecheap,,,24/09/2026 23:30
326b6c08-59c8-41cf-8598-709933a018ea,dating.cloud,premium,700,1400,high,low,6,namecheap,,,
1ea57aa9-3432-4055-b196-0fb0ac0fb8ec,auburndale.cloud,available,,,high,high,10,,,,
0fb67eb0-1152-4f06-b027-2f4fc770709e,chastities.cloud,available,,,medium,low,10,,,,
4045e583-60e0-4f41-ace5-514b670d0e4c,rigel.cloud,resell,,,high,low,5,,,,23/09/2026 10:56
ef81d786-6595-4de9-8457-0710dfc36ec1,puppylike.cloud,available,3.98,32.98,high,medium,9,namecheap,,,09/09/2026 06:10
e651919a-23d4-4734-84d3-98cdf189d047,peculiarity.cloud,available,,,high,high,11,,,,
00553b83-0c91-42c9-8206-308697f4b642,kirov.cloud,available,,,high,high,5,,,,
109f8986-97a6-4e17-a25a-32e9f5ac0c86,bitis.cloud,available,3.98,32.98,high,low,5,namecheap,,,23/09/2026 22:37
ffcb455e-380d-40ed-86ba-f7ab5a71065a,steaminess.cloud,available,,,high,high,10,,,,
e5ae92a7-a8a4-4c59-ae4a-725a03ca7bd5,unionist.cloud,available,,,high,high,8,,,,
6714d8ee-e3ef-46df-b4ad-dc0ed6475d06,unix.cloud,available,,,high,high,4,,,,
f489942f-0075-46ed-8cda-25d96e480cfa,inflated.cloud,available,3.98,32.98,high,low,8,namecheap,,,21/08/2026 08:47
69706829-cc6b-4d8c-8380-ad8c991ba1fa,centroaffine.cloud,available,,,medium,low,12,,,,
4dde25e1-c446-4ccd-80ae-71cfcb1c1006,warthog.cloud,available,,,high,high,7,,,,
e6621503-bcea-4f55-86d8-147db52757d9,obiter.cloud,available,,,high,high,6,,,,
d7301c68-88e9-45a3-a2f6-bdcd808d1502,interwiki.cloud,available,,,high,high,9,,,,
3212fb0a-85de-4f82-b4b9-749bb5868b92,firstborns.cloud,available,,,medium,low,10,,,,
b7c1e82b-62d1-4310-8451-811be20e74a8,grilled.cloud,available,3.98,32.98,high,low,7,namecheap,,,08/08/2026 16:31
7a2aaf25-8852-475a-a2d7-31ac215eaad4,syncretistic.cloud,available,,,high,high,12,,,,
22029947-f86b-4651-8bfe-5ea6c9e0199b,hackette.cloud,available,,,high,high,8,,,,
ed4a9fcc-2b83-42bf-8cb3-68f4304e783c,hemorrhage.cloud,available,5.29,25.99,high,low,10,namesilo,,,24/09/2026 05:28
93f7bc15-0652-433f-81fe-595616eed990,buckskin.cloud,available,,,high,high,8,,,,
8a005d23-dddf-47d2-bdfe-5ec9d24602e1,stakeswinner.cloud,available,,,high,high,12,,,,
403e8bb1-2b2a-4bc2-9e12-c16399191f79,muckland.cloud,available,,,high,high,8,,,,
554a3471-92f6-474d-a677-df3ed0046038,weatherless.cloud,available,,,high,high,11,,,,
922c13f5-52be-431e-85f3-ba5ddf14049a,luxemburger.cloud,available,,,high,high,11,,,,
05f2215f-9c6a-4847-8c09-549981d88631,superlattices.cloud,available,,,medium,low,13,,,,
04bf8229-0043-4b22-89dc-2ed310d0a358,unhrc.cloud,available,,,high,high,5,,,,
26cb36b4-c4a4-4a1e-850b-97ad47fb6f57,kicks.cloud,premium,242,242,high,low,5,namesilo,,,18/09/2026 05:38
68be86ea-78ad-4fd9-89d0-74fac6f518fc,afterimage.cloud,available,5.29,25.99,high,low,10,namesilo,,,17/09/2026 15:42
1e14e561-81e9-4909-b247-6ef28b60d714,prn.cloud,premium,1300,2600,medium,low,3,namecheap,,,13/09/2026 21:26
a3a33bca-8089-4edf-a208-6ee2bacdea13,couchside.cloud,available,,,high,high,9,,,,
db5b5a1a-a522-428a-b78c-e760d94cfb24,nonminority.cloud,available,,,high,high,11,,,,
189413ac-c94c-4aff-9664-e653acd0a5ca,singapore.cloud,available,,,high,high,9,,,,
bd5996fb-9232-4f80-883a-3d5f57baebe5,reversibility.cloud,available,,,high,low,13,,,,
ded67a48-a92f-40bb-a2fa-9821c7609a0c,nasal.cloud,available,3.98,32.98,high,low,5,namecheap,,,03/09/2026 13:33
e72e4130-5ee9-47af-a01d-90fceb5267e4,impossibly.cloud,available,3.98,32.98,high,low,10,namecheap,,,15/09/2026 04:27
a6cdec00-65f9-4f87-ba3f-3d8b54b8fc16,clairvoyants.cloud,available,,,medium,low,12,,,,
a7f49d48-35c9-4373-a4bb-eaf8d7dbdfa7,fur.cloud,available,,,high,high,3,,,,
81b1a23d-973d-43a9-b958-f406f2bebc71,atarax.cloud,available,3.98,32.98,medium,low,6,namecheap,,,20/09/2026 19:30
25313056-8311-483e-8194-8d29606780fa,fluffiness.cloud,available,,,high,high,10,,,,
3a10d0d2-a120-4c6a-886e-b5d73d11019e,romany.cloud,available,3.98,32.98,high,low,6,namecheap,,,10/08/2026 17:25
3e977ab7-bb74-4780-b562-1adee49af9ea,vicenary.cloud,available,3.98,32.98,medium,low,8,namecheap,,,13/09/2026 05:21
9934c5f3-166d-4e35-91b1-29e97fca76b7,weismann.cloud,available,5.29,25.99,high,low,8,namesilo,,,21/09/2026 03:48
83053768-376b-4e3b-972a-30188cf99d00,equivalence.cloud,available,5.29,25.99,high,medium,11,namesilo,,,25/09/2026 09:47
39107422-bb41-490a-b9ce-cc43bf932b1d,onward.cloud,resell,,,high,low,6,"Spaceship, Inc.",27/08/2026 19:29,27/08/2027 19:29,14/09/2026 19:49
ad0b2995-dbc5-4d86-b698-683d0dcccdf9,shadowy.cloud,resell,,,high,low,7,NAMECHEAP,09/06/2024 02:28,09/06/2026 02:28,
8d3ca5c4-2c6b-4e31-85e3-12393e91fef4,fraternal.cloud,available,3.98,32.98,high,low,9,namecheap,,,10/08/2026 03:44
4ebe6b3b-5a5f-4186-9edf-3898c11fade4,mendacious.cloud,available,3.98,32.98,medium,low,10,namecheap,,,24/08/2026 20:04
ac8ac639-fd7e-4fcc-892b-f46b7772001f,watercourses.cloud,available,,,high,low,12,,,,
bd0e5a24-649e-4b25-b10f-f26f28a59323,charities.cloud,available,,,high,high,9,,,,
9810baf1-ed10-449a-a163-4e2de0bddc87,marylyn.cloud,available,,,high,high,7,,,,
d91c85a2-76dc-4725-aa4e-4c5ecdc2d307,rimmed.cloud,available,3.98,32.98,high,low,6,namecheap,,,09/09/2026 17:45
604f13d7-6aa4-4800-8fe4-5883a86734f0,longroot.cloud,available,3.98,32.98,high,low,8,namecheap,,,20/09/2026 03:40
5c93d741-f399-47c6-a970-a3cf949caf49,officials.cloud,available,5.29,25.99,high,low,9,namesilo,,,17/09/2026 12:28
1c1cee14-2518-4f7b-b114-6fcd6c964642,uvula.cloud,available,,,high,high,5,,,,
df366c43-2fd0-49cb-ad5d-2c3b42a8df7b,shinto.cloud,available,3.98,32.98,high,medium,6,namecheap,,,10/09/2026 06:32
81607468-da75-4c15-967d-f9375ff064ec,lifestyler.cloud,available,,,high,high,10,,,,
99b0f9b7-c999-4699-bd81-37a0b47ab4e9,crystals.cloud,available,,,high,high,8,,,,
5ccc246a-cfee-43e8-a126-1db928b42d1f,picturehouse.cloud,available,,,high,high,12,,,,
0b86e7c9-0621-4951-8be8-1595a8622748,querencias.cloud,available,,,medium,low,10,,,,
289fdb3f-76fb-4cdd-bef6-f5bc906e2b5e,slippers.cloud,available,,,high,low,8,,,,
ecaca2a7-2001-49b9-8ea1-b85183fba9c1,buffed.cloud,available,,,high,medium,6,,,,
8f7c1fcd-2608-4ec6-91bc-d5caf9843fc3,sunbonnet.cloud,available,,,high,high,9,,,,
462a749f-a553-489d-9b8c-34635ba476f5,centrofacial.cloud,available,,,medium,low,12,,,,
eb1d4f8a-11fc-4add-9d27-e3d19a31f7cf,encumbered.cloud,available,3.98,32.98,high,low,10,namecheap,,,17/08/2026 00:40
e6a564c3-51b6-49d8-b457-c3662bc77c0e,mucus.cloud,available,,,high,high,5,,,,
08f6c19a-c9ef-4f23-b93d-98eafa6fc82b,amerindians.cloud,available,,,medium,low,11,,,,
34ba204d-081c-450e-aadd-59f9c6a7408d,magnetically.cloud,available,,,high,low,12,,,,
b8d9a05c-d9bb-4cb8-96f2-a0d24de06446,atmosphere.cloud,resell,,,high,low,10,,,,18/09/2026 16:39
61a88033-ceeb-4ef6-b5df-30da3fd52a5e,stained.cloud,available,3.98,32.98,high,low,7,namecheap,,,10/09/2026 18:14
9deb7672-ff24-4d57-9ee2-4b5b9bafc1a8,adorables.cloud,available,5.29,25.99,high,low,9,namesilo,,,
6d23e1cc-6af5-400e-a0f3-51ef74def67e,playspace.cloud,available,,,high,high,9,,,,
44506733-fe1b-4d44-a0a9-6c0b1714be63,divinylbenzene.cloud,available,,,medium,low,14,,,,
c9fc55cc-3b0d-4677-953d-83067f607986,tobacco.cloud,premium,560,700,high,low,7,namecheap,,,
74652ae9-bd9e-4075-99ea-2750af8c0041,invigilation.cloud,available,,,high,low,12,,,,
0dae1eef-3479-4c96-aa9a-e061f038c899,railed.cloud,available,,,high,low,6,,,,
d6d7e1b6-6193-43d3-8ad1-cf8ff2dc0ebf,neonate.cloud,available,3.98,32.98,high,low,7,namecheap,,,03/09/2026 16:44
1857ce64-6111-4e5c-8823-ccb735880d4c,loath.cloud,available,3.98,32.98,high,low,5,namecheap,,,24/08/2026 08:17
5b1eaae7-bdd5-446f-a1e0-d372cd8f82c9,buttonquail.cloud,available,,,high,high,12,,,,
3f225bdb-b262-4f37-8bb4-5cd4d027d86b,camouflet.cloud,available,,,high,high,9,,,,
1944ae90-ccdf-4eaf-b06d-0c4e97487b38,midbreath.cloud,available,,,high,high,9,,,,
ef5292d0-86e4-49b7-a0c2-078fb2faaeb3,kippax.cloud,available,,,high,high,6,,,,
8576f682-06c0-4f2d-8b68-41be971f47bb,imbed.cloud,available,,,high,high,5,,,,
23c94b03-18c1-47b1-8925-3d436038794b,understandably.cloud,available,,,high,high,14,,,,
8cff7dcf-460e-4968-9dc3-24ac85e1ee20,drank.cloud,available,,,high,high,5,,,,
09dff807-ddc2-491e-8018-4722360dd0e5,widgery.cloud,available,,,high,high,7,,,,
dbf8d57f-f425-4765-9151-f2d2e7b8179a,forename.cloud,available,,,high,high,8,,,,
26d96712-9e4b-4d24-8a4d-702f21a79254,buttonwoods.cloud,available,,,medium,low,11,,,,
949fe6ea-871e-4feb-905f-6bcef5db602f,mod.cloud,premium,3250,6500,high,low,3,namecheap,,,25/08/2026 02:27
f926c96d-26f4-4ee7-b98e-c16739ca3a6b,supplies.cloud,resell,,,high,low,8,"Spaceship, Inc.",28/01/2021 00:01,28/01/2027 00:01,
980c4e39-582d-4ae0-a9db-5224cd5585ab,fueldraulic.cloud,available,,,high,high,11,,,,
aaa124b0-22f3-4e4e-a882-982063c8b61a,adenous.cloud,available,,,high,high,7,,,,
4927883d-78cb-4d78-a594-071114d9a791,unwind.cloud,available,,,high,high,6,,,,
8ee2f117-13d7-415a-a4d0-dd25b2ea6906,razed.cloud,available,3.98,32.98,high,low,5,namecheap,,,14/08/2026 01:24
38112e89-17f2-45e4-93e1-6725d57a6011,conquerable.cloud,available,,,high,high,11,,,,
e50755d4-89f5-459f-9bf8-0860b7476386,brusselian.cloud,available,,,high,high,10,,,,
a25b06e1-e034-45bd-9572-9162c8a9874e,lodge.cloud,resell,,,high,low,5,GoDaddy,17/02/2016 08:13,17/02/2027 08:13,
170721f6-1d4f-46be-b53f-090401b07816,emmalynn.cloud,available,,,high,high,8,,,,
19e95a23-5bf9-46b2-9327-24c15ea11cd9,recommit.cloud,available,,,high,high,8,,,,
778472b6-6ed7-4c2b-95c8-6d5bb0908f94,orissa.cloud,available,,,high,high,6,,,,
b91ef656-5159-422d-adff-141eb6a7d939,belizean.cloud,available,,,high,high,8,,,,
ee9a91f8-776a-431a-8a82-8e4de9cd80cf,pickers.cloud,available,,,high,medium,7,,,,
858b061c-4418-4080-ac9e-39f78073803a,frenchified.cloud,available,,,high,high,11,,,,
7c9e69f1-403c-4841-b185-b0101024024c,tandoor.cloud,available,,,high,high,7,,,,
ad8cb662-01e4-4956-bfc6-5fdba1b65929,calligraphers.cloud,available,,,medium,low,13,,,,
012c84b4-7370-4080-b663-4f473688c4cd,abidance.cloud,available,5.29,25.99,high,low,8,namesilo,,,16/09/2026 15:33
41b98587-0565-4686-b99e-a6d7e44ad57a,digestate.cloud,available,,,high,high,9,,,,
0b397b74-e520-4bab-9011-0a93b2d2a59e,speeding.cloud,available,5.29,25.99,high,low,8,namesilo,,,25/09/2026 06:47
a6434d38-3f2a-41af-a8a6-554eddab9d0f,pekoe.cloud,available,,,high,high,5,,,,
74d9843b-0cb2-4b46-ade2-b734d107f3a9,and.cloud,premium,6250,6250,high,medium,3,name.com,,,
cd5d3cfc-b49d-4851-a6a0-b609c26d517c,behaviour.cloud,premium,242,242,high,low,9,namesilo,,,23/09/2026 03:08
36a99a15-34aa-4a52-b55e-a151706953dc,increasing.cloud,available,5.29,25.99,high,low,10,namesilo,,,25/09/2026 08:12
7497fa01-1fb9-49a1-be3b-0b3936831524,furkid.cloud,available,,,high,high,6,,,,
9274a006-1042-423c-8687-4bc9fda8d621,trackers.cloud,available,,,high,medium,8,,,,
4b0d1a3f-3edc-409c-8023-70bafaaf95c6,fredericktown.cloud,available,,,high,high,13,,,,
801c73ed-2213-4763-8bdd-74998e0d6c96,employee.cloud,resell,,,high,low,8,GoDaddy,16/02/2016 15:00,16/02/2027 15:00,25/09/2026 05:30
7d6be52d-427f-48df-87e0-cd470a69464b,twelfth.cloud,available,3.98,32.98,high,low,7,namecheap,,,
0d687bf8-17a4-43c2-bfc9-8fab26cfbc5a,fluttered.cloud,available,,,high,high,9,,,,
cb285b69-239c-4694-bd54-bef491393252,schwarzenegger.cloud,available,5.29,25.99,high,high,14,namesilo,,,25/09/2026 13:48
f541c910-6cc3-46f2-b763-b791b27aca00,soundable.cloud,available,3.98,32.98,medium,low,9,namecheap,,,17/08/2026 23:44
77fc7067-bc42-4a4e-b163-01ef4f6f024d,bugproof.cloud,available,,,high,high,8,,,,
1629b0e4-b01c-401f-b7ce-e3e3629b8ea0,connverse.cloud,available,,,high,high,9,,,,
b00956ec-677c-4395-ae56-0adddfb77e5e,alphabeticity.cloud,available,,,medium,low,13,,,,
b4931ef6-8c4d-4d03-a433-e2e8366e746a,transposing.cloud,available,,,high,high,11,,,,
8552e3ca-e2db-4a71-84d5-f9791b4004d5,sagebrush.cloud,available,,,high,high,9,,,,
be0c78b5-c2c1-4ebc-a4af-1f1341ac95e2,chilean.cloud,available,3.98,32.98,high,low,7,namecheap,,,12/08/2026 05:15
35d3524c-26ef-41a1-9458-4c903c228d82,tour.cloud,premium,6900,6900,high,low,4,namesilo,,,24/09/2026 22:26
83ef3c0c-b609-4eea-bee3-959c487cafe9,barcarolle.cloud,available,5.29,25.99,high,low,10,namesilo,,,22/09/2026 05:06
8f8b76a8-30ac-4b00-84ed-d08f28e2a946,unprompted.cloud,available,3.98,32.98,high,low,10,namecheap,,,21/08/2026 23:28
04a78c01-52d7-44a8-a2b8-9d0437069ed1,clearer.cloud,available,,,high,high,7,,,,
d7e40cb2-c765-49d7-adc9-77f23807f8e9,assembles.cloud,available,,,high,low,9,,,,
e91f2d7c-cc61-47b6-a157-0213f5df2a87,puppytooth.cloud,available,,,high,high,10,,,,
45a75381-5d0e-4665-bb61-d9296e54022d,rang.cloud,resell,,,high,low,4,"eNom, Inc.",28/10/2025 07:43,28/10/2026 07:43,
5f1f9972-ecd7-416f-8352-c0c2455bde62,azt.cloud,premium,1300,2600,high,low,3,namecheap,,,21/09/2026 11:33
ae9a6b20-bfe6-4eef-a041-be1addbb5f3a,skydiving.cloud,available,5.29,25.99,high,high,9,namesilo,,,25/09/2026 14:05
a819a05a-18af-4361-9520-a64eae241427,dispel.cloud,available,,,high,high,6,,,,
62058453-87f9-4f0c-8bcd-528b8d2f1a25,gumdrop.cloud,available,,,high,high,7,,,,
549b5dff-f104-44be-9d6e-64bb8184a715,converging.cloud,available,,,high,high,10,,,,
2897e2a6-d831-4bd5-a34d-7f6676b32164,lilikoi.cloud,available,,,high,medium,7,,,,
a77bcc66-4ca6-41d6-bca3-b44f15dd97c7,psychologists.cloud,available,,,high,low,13,,,,
81f74a28-47e1-4d3c-adcc-6929838e901f,fetal.cloud,available,3.98,32.98,high,low,5,namecheap,,,18/08/2026 02:16
f54d427b-ae65-4735-84b0-be6ba2971168,eagerness.cloud,available,5.29,25.99,high,low,9,namesilo,,,21/09/2026 09:28
07c98c55-5145-4ad1-a3db-8be476c14d2d,baisa.cloud,available,9.99,39.99,high,low,5,name.com,,,21/09/2026 19:36
d3c26991-c8e4-40dc-812b-1ade224ac00e,outsee.cloud,available,,,high,high,6,,,,
dcd140a4-f24e-4b49-91f9-522b8fbd9475,cosmogram.cloud,available,,,high,high,9,,,,
c3bfdb52-ca7e-428b-b4ff-fc9d5aba1c2a,farther.cloud,available,5.29,25.99,high,low,7,namesilo,,,24/09/2026 17:01
b970dbb3-d232-4540-ae30-9ad2a3cd5232,heal.cloud,premium,112,140,high,low,4,namecheap,,,
53d59be1-f708-4b35-a40e-c8a837a8a9c8,breaks.cloud,available,5.29,25.99,high,low,6,namesilo,,,17/09/2026 22:04
ba1c305f-bb05-4901-b95d-13cfab65a0de,percentage.cloud,available,,,high,high,10,,,,
fabcb86d-e2ec-4001-88d1-5138e4d95f29,ivorian.cloud,available,,,high,high,7,,,,
39028a34-84d5-430c-b120-5d9c3be3b8bb,uses.cloud,premium,116,116,high,low,4,namesilo,,,25/09/2026 13:12
17bcd39a-5fb1-4694-a3e1-6287d76a2fb5,bullionism.cloud,available,,,high,low,10,,,,
26e6adce-2513-4610-a61e-3e8fa2920fca,practicable.cloud,available,,,high,high,11,,,,
cb56d833-f478-487b-8d79-471c916687d0,profuse.cloud,available,3.98,32.98,high,low,7,namecheap,,,24/08/2026 11:47
34d83036-1346-4d74-9840-355441e604da,shrimpy.cloud,available,,,high,medium,7,,,,
f63a3963-2873-438e-84c2-a80685cf995a,catalogue.cloud,premium,104,130,high,low,9,namecheap,,,24/09/2026 13:08
5d23ba7f-b8b4-4f1f-9c22-9a526e7ee077,faultless.cloud,available,3.98,32.98,high,low,9,namecheap,,,18/08/2026 00:05
fd8a8fb2-95f0-4498-9721-005b7b38b3fe,ariana.cloud,premium,2660,2660,high,low,6,namesilo,,,20/09/2026 05:10
b2223160-8165-4653-8333-594eeeaae7e8,granth.cloud,available,5.29,25.99,high,low,6,namesilo,,,17/09/2026 08:05
aa76df0b-4fc4-49d8-bb45-f1378acdd98d,unreactive.cloud,available,3.98,32.98,high,low,10,namecheap,,,12/09/2026 17:50
bc1dc9c3-2174-42bd-8e22-048aa2e5becb,joyousness.cloud,available,,,high,high,10,,,,
0ee28972-2e2a-41e4-857a-3df1f98ebb90,unveils.cloud,available,,,high,low,7,,,,
cfb6e038-a4f0-45b7-84a8-534606e92695,repented.cloud,available,,,medium,low,8,,,,
689d95fa-e96e-46d6-acbc-7115d4d0902b,dolts.cloud,available,,,medium,low,5,,,,
0a45bb77-8bf3-42a1-8e53-f64cb7c2aa85,energizing.cloud,available,3.98,32.98,high,low,10,namecheap,,,
8e2928d5-b4c9-4893-8106-f8367aa2d673,washer.cloud,available,5.29,25.99,high,low,6,namesilo,,,21/09/2026 06:54
13ce181e-d969-4f8b-89ca-031ff99707c7,jazmin.cloud,available,,,high,high,6,,,,
6138341e-9bed-4ed6-b857-aa8006220de0,spit.cloud,premium,520,650,high,low,4,namecheap,,,15/09/2026 20:17
ab62fcdf-cf6c-4b31-a65e-b5da9f1eeeb3,preserves.cloud,available,,,high,high,9,,,,
1ea27bb7-75a3-42c3-91a7-00dfbecc026c,britneys.cloud,available,,,medium,low,8,,,,
26a19411-b87c-4adf-a56b-abdf7a2f7be8,latinos.cloud,available,5.29,25.99,high,medium,7,namesilo,,,25/09/2026 11:30
5b0bb93f-f2a2-4551-8984-b7d9ebf516e0,switching.cloud,premium,650,650,high,high,9,namecheap,,,
9db8667d-550c-48df-a286-00e354bb837d,dislike.cloud,available,5.29,25.99,high,low,7,namesilo,,,
76f29879-d0a1-40df-a8f2-a05695486c04,biog.cloud,available,,,high,high,4,,,,
aecb2d27-fcc8-455b-b44e-bf3df3f0ab30,odometer.cloud,available,,,high,high,8,,,,
e17b9fa0-3e2f-4835-90cd-2acf3fb7f89c,uncanny.cloud,available,3.98,32.98,high,low,7,namecheap,,,16/08/2026 02:23
6ff23fca-fee7-4398-b3cf-cefdcc4b6415,bishkek.cloud,available,3.98,32.98,high,low,7,namecheap,,,23/09/2026 21:43
ae52195c-b7eb-46f0-933e-bea358e42151,highboys.cloud,available,,,medium,low,8,,,,
1f86d9e5-9a1a-488d-900b-319848239915,nucleonics.cloud,available,5.29,25.99,high,low,10,namesilo,,,21/09/2026 00:14
5eb9269f-b0e9-460b-8723-39feba493bde,longheld.cloud,available,,,high,high,8,,,,
2e97a969-ed0b-4e2d-bde4-996de0b9c4a6,material.cloud,premium,640,640,high,low,8,namesilo,,,23/09/2026 23:27
0d359969-0373-4d32-932b-f4f6a17584df,preliminaries.cloud,available,,,medium,low,13,,,,
10124f72-7844-4d53-b334-520324696d33,amuse.cloud,resell,,,high,low,5,"Dynadot, LLC",15/04/2026 13:32,15/04/2027 13:32,26/09/2026 03:51
e13a378f-c919-49e3-be5f-f78ff7b59d00,conjugal.cloud,available,3.98,32.98,high,low,8,namecheap,,,12/08/2026 22:07
85162637-d3a4-43ea-bfa7-caa4f053491a,consall.cloud,available,,,high,high,7,,,,
e7b97307-7dc3-4703-88cf-d6fa134be23f,auditing.cloud,available,,,high,high,8,,,,
3379eba1-930c-4b5e-8b43-a9b1d74acc34,crusted.cloud,available,3.98,32.98,medium,low,7,namecheap,,,13/08/2026 09:22
70a437f3-19b0-44de-94b4-139e63d99f67,damaging.cloud,available,39.99,39.99,high,low,8,name.com,,,13/08/2026 16:05
ea2d0388-bfab-4013-a638-75080f4057d1,preamble.cloud,available,,,high,high,8,,,,
dab8fc17-90d2-44b2-9e3a-cae194550355,farmyard.cloud,available,,,high,high,8,,,,
f131c061-342a-46c8-ae84-0f713d2c41d5,proverbial.cloud,available,3.98,32.98,high,low,10,namecheap,,,09/09/2026 04:32
239995ea-b2f7-4eb8-89aa-5947270b5df8,artfully.cloud,available,3.98,32.98,high,low,8,namecheap,,,13/09/2026 20:53
87e95006-9a82-491c-8344-2767f293fa0e,edmund.cloud,available,3.98,32.98,high,low,6,namecheap,,,25/09/2026 19:09
63bd9b60-dc66-4e81-b250-6f5c9228d9ea,booking.cloud,premium,6900,6900,high,high,7,namesilo,,,24/09/2026 07:06
635e094d-cbde-4dec-b84d-7fe95dd61553,insulate.cloud,available,,,high,high,8,,,,
af01eeaf-438b-45bb-a8f5-a6b93da012ce,lightermen.cloud,available,,,medium,low,10,,,,
85c8594e-2161-4717-a2ba-35e4d2af56c5,barany.cloud,available,5.29,25.99,medium,low,6,namesilo,,,22/09/2026 04:13
9ae9af12-fec2-4780-a714-996bb13c9561,transposition.cloud,available,,,high,high,13,,,,
8e68b6b8-d6b9-464e-8319-7ea927857331,goyet.cloud,available,,,high,high,5,,,,
ab3f8d6e-2e6b-4f31-949d-dd81b2b75d53,frisky.cloud,available,3.98,32.98,high,low,6,namecheap,,,18/08/2026 16:02
f7cc23d0-4f80-4995-8e33-f12f64194384,audited.cloud,available,,,high,low,7,,,,
370d8d3d-8431-4c34-8a4a-e94b8c148d46,multimemory.cloud,available,,,high,high,11,,,,
f80447f8-bc20-4da5-8730-2606e021043c,cursorial.cloud,available,3.98,32.98,high,low,9,namecheap,,,13/08/2026 11:40
e9050010-5a46-425b-ab1e-b8849a97e66c,days.cloud,premium,560,700,high,low,4,namecheap,,,
e3e540ee-5260-48c3-896f-69aa56799d73,relishes.cloud,available,,,medium,low,8,,,,
68e586db-be91-40f0-aa7a-3d79677e229d,placentas.cloud,available,,,medium,low,9,,,,
d7b6c732-d1a3-4c6c-9cb0-bb40c667e0ae,paralympics.cloud,available,,,high,high,11,,,,
bd3288c6-1d23-43ee-b0e0-1f1f3a38f94b,acinetiform.cloud,available,,,medium,low,11,,,,
b2f306d1-b200-4012-a282-2dbdaab11ef7,fribourg.cloud,available,,,high,high,8,,,,
3d75afe8-bc47-4ea9-aa52-aa9d726e41e8,moonroof.cloud,available,,,high,high,9,,,,
538b5c35-57d3-4010-a8fb-a8f229ad4477,melodrama.cloud,available,,,high,high,9,,,,
5c66ea6e-bd23-490a-8d33-c969e18d0579,businesspersons.cloud,available,,,medium,low,15,,,,
556c70e1-ed6f-4554-99eb-941d0b021f26,hot.cloud,premium,13800,13800,high,medium,3,namesilo,,,19/09/2026 15:25
30780c21-4991-43be-9041-60f2443a7b01,akee.cloud,available,5.29,25.99,medium,low,4,namesilo,,,17/09/2026 01:56
454602dc-76e2-438f-a673-4a0c6c2024f9,apportion.cloud,available,,,high,high,9,,,,
0919dc95-9b87-4f0e-b894-82a7bea7a0df,occasion.cloud,premium,112,140,high,low,8,namecheap,,,
1e919a1a-5588-4cd8-a5e6-01cfc44d25b4,shady.cloud,resell,,,high,low,5,"Dynadot, LLC",27/06/2026 15:04,27/06/2027 15:04,18/08/2026 09:37
775cf16b-1add-4b1d-9e99-cf007f04ae70,stonesetting.cloud,available,,,high,low,12,,,,
fe27645b-9b7f-4dd6-ba49-7602d7b4ca8c,ekg.cloud,available,,,high,high,3,,,,
e62750b7-e62c-4384-85a3-825c5157f62d,typo.cloud,resell,,,high,low,4,"Dynadot, LLC",12/02/2019 02:18,12/02/2028 02:18,24/08/2026 07:23
9189a90e-0c2d-49b5-8992-50888b458273,carboranes.cloud,available,,,medium,low,10,,,,
4d8e325e-4339-4fa0-bce3-c9433dbd2c32,wreathed.cloud,available,,,medium,low,8,,,,
023b4d04-0533-4ad6-a1b5-326416985333,negev.cloud,available,,,high,high,5,,,,
e6db0321-aba0-45e8-a268-a59aad49d683,manages.cloud,available,5.29,25.99,high,low,7,namesilo,,,25/09/2026 05:29
c0e17f60-25b1-436d-a53b-9ce0e4f376c7,stalham.cloud,available,,,high,high,7,,,,
6e369099-d673-420a-8cfe-faf18fb27cdf,interpreting.cloud,available,,,high,low,12,,,,
76213ff0-c7d6-4832-969f-9dcc47f0d3f7,corregidor.cloud,available,5.29,25.99,medium,low,10,namesilo,,,22/09/2026 13:13
4f363bea-fee1-443c-8aa9-8981a1d06c31,reopening.cloud,available,,,high,medium,9,,,,
45c57bdc-3a18-4ad0-8037-6e040e194b26,spaciously.cloud,available,3.98,32.98,high,low,10,namecheap,,,16/09/2026 00:04
a6f4f7c4-fd80-4a0d-8266-5fa65c62189a,parma.cloud,available,,,high,high,5,,,,
1e10ce60-2aed-421d-8a7f-53d510bfee1b,spd.cloud,premium,1107,1107,high,high,3,namesilo,,,25/09/2026 14:13
48a2b01b-2c54-4efb-97c8-6602126d33f6,carefully.cloud,available,5.29,25.99,high,low,9,namesilo,,,
5bfbb007-c418-4a0e-badb-7984559b1b1f,jacko.cloud,available,,,high,high,5,,,,
09cd9e8a-adcc-42e1-af3a-2507d3087ba7,crystallographic.cloud,available,,,high,low,16,,,,
fa648ee8-77fc-498a-8996-d0f63666f18c,elysse.cloud,available,,,high,high,6,,,,
559c9d5b-39e9-48d6-b184-081b7485610d,elizabethton.cloud,available,,,high,high,12,,,,
f40f2354-cab7-47a1-a593-652d1cc837ea,staged.cloud,premium,104,130,high,low,6,namecheap,,,10/09/2026 18:02
83766444-33d1-4617-8ee8-d8be303dbdd8,thriving.cloud,available,,,high,low,8,,,,
9170bda5-e9d8-4515-ac4a-b795cf687c79,dormancy.cloud,available,,,high,high,8,,,,
b6a21f6a-cd71-4b23-8a93-c9806b44381e,easy.cloud,premium,2600,13000,high,high,4,namecheap,,,25/09/2026 14:34
07299ac3-f887-40bf-9fc4-0bc14473538b,constructors.cloud,available,,,high,low,12,,,,
bb4ee19d-e789-4665-ace1-00489d4c617d,wonderchild.cloud,available,,,high,high,11,,,,
b6f7c54f-90b7-4884-8c2a-d62c0add4604,impellent.cloud,available,3.98,32.98,medium,low,9,namecheap,,,21/08/2026 22:03
c9168c59-09a1-4eb8-b21c-8f8f04375d0b,snicker.cloud,available,5.29,25.99,high,low,7,namesilo,,,
078af861-273f-47ae-9f95-f2b1fd638f78,spr.cloud,available,,,high,high,3,,,,
900c745d-61ef-4afa-8f61-e5c833cde8d7,exhausting.cloud,available,3.98,32.98,high,low,10,namecheap,,,14/08/2026 18:21
9aba968a-1fc0-4c8c-89bf-e9cd1194e72c,esurveillance.cloud,available,,,medium,low,14,,,,
dbd40ccd-7f5c-4cc7-9e3c-9f2cb0347755,generousness.cloud,available,,,high,low,12,,,,
7362e841-8c92-4ed4-b45f-00869967baeb,parentally.cloud,available,3.98,32.98,medium,low,10,namecheap,,,15/09/2026 18:57
04e3d8a3-8bdc-4113-bed2-96faac4129c9,adventurous.cloud,available,,,high,high,11,,,,
995c0adb-97e3-460b-990b-7d806514e1ea,anlage.cloud,available,5.29,25.99,high,low,6,namesilo,,,19/09/2026 09:53
141930ba-f586-4341-a918-ca21aa11dd99,remarriage.cloud,available,,,high,high,10,,,,
c8bfdd97-fd9f-47b1-b523-811d92cd4370,dentist.cloud,premium,1400,2800,high,low,7,namecheap,,,
972b0c53-2067-4191-b68d-f9fb55d417b5,turn.cloud,resell,,,high,low,4,Porkbun LLC,06/05/2019 00:06,06/05/2027 00:06,24/09/2026 22:27
6d69eb09-dd95-4409-9b11-6289d4d0a72c,taxi.cloud,premium,3250,6500,high,low,4,namecheap,,,24/09/2026 11:29
81090456-a6d3-4e29-9327-e267880b2b16,zolpidem.cloud,available,,,high,high,8,,,,
52d6b0c1-c474-44be-8698-ad2c91b233fa,fishing.cloud,resell,,,high,high,7,"Spaceship, Inc.",22/07/2025 08:25,22/07/2027 08:25,25/09/2026 10:01
c3c77ca2-1d8c-44fd-9501-284763391e5b,capris.cloud,available,,,high,low,6,,,,
615be561-367d-4843-a231-5c10933f01af,moonstruck.cloud,available,3.98,32.98,high,low,10,namecheap,,,24/08/2026 11:18
8d87fa3c-1141-43b9-bbdc-57549c37736c,fusional.cloud,available,,,high,high,8,,,,
f56824d3-c5ac-47fb-aec6-fd3cd00213b1,fueling.cloud,available,,,high,high,7,,,,
1663e4c6-7215-4a63-8901-4c1fe83d2426,afro.cloud,premium,650,1300,high,low,4,namecheap,,,17/09/2026 15:30
d9a02a61-1506-4858-9ee9-752990e8a3bd,deskfast.cloud,available,,,high,high,8,,,,
b9d85339-46ff-48f0-a76d-53c503f68465,cookshop.cloud,available,,,high,high,8,,,,
81c3742d-e0d5-4912-a710-d6694cb368cf,cinematographic.cloud,available,,,high,high,15,,,,
50e31733-9ea8-4ace-bcfc-db7360b4c47c,aphid.cloud,available,5.29,25.99,high,low,5,namesilo,,,19/09/2026 16:56
a66c79ff-cb5d-4c7c-8773-16d52770e5d5,goths.cloud,available,,,high,low,5,,,,
0c2efe65-ef87-49e8-a599-ed43e015e76a,pausing.cloud,available,,,high,low,7,,,,
77681fe8-2bbe-44f3-85b2-29bc3293c615,ats.cloud,available,,,high,high,3,,,,
c94a34e2-c1ef-4587-a121-fd458e405ae2,delinquent.cloud,available,3.98,32.98,high,low,10,namecheap,,,14/08/2026 00:42
265c1690-574a-418f-85c1-bbe1cae0d1b0,warty.cloud,available,3.98,32.98,medium,low,5,namecheap,,,13/09/2026 04:24
b3e45836-3472-4a97-a83a-af84e08211cd,herons.cloud,available,,,high,medium,6,,,,
7e2660ce-fc27-4adf-8208-542a65c3651d,expidite.cloud,available,,,high,high,8,,,,
0459b93b-df0e-45f3-8960-d1f62ccaf1dd,hebei.cloud,available,,,high,high,5,,,,
4b264593-54ae-4309-b1eb-cb0ddf943f3b,policy.cloud,resell,,,high,low,6,GoDaddy,22/07/2019 00:27,22/07/2027 00:27,19/09/2026 17:13
23ae8c8e-1db2-483a-86e0-aef5e5401654,labrocyte.cloud,available,,,high,high,9,,,,
48b764b2-d0d5-4e29-a6c8-db6cbd28f340,fineness.cloud,available,,,high,high,8,,,,
b33eb0b4-f9f2-41b1-b3be-6a96f1b1bfe8,lightering.cloud,available,,,high,low,10,,,,
0ca00dbb-080c-48fa-88b8-0c63aa96cd40,mah.cloud,available,,,high,high,3,,,,
7caf3ced-5556-478a-90b8-bd85c1ea5e40,tristian.cloud,available,,,high,high,8,,,,
6deb9f8b-daaa-4ded-a92f-77c8491afaaa,luca.cloud,resell,,,high,high,4,InterNetX GmbH,23/03/2024 16:14,23/03/2026 16:14,
88323c51-b1b9-4765-8e6e-618416390a12,scenario.cloud,available,,,high,high,8,,,,
ff6abc78-bbb9-4739-9275-a6721c185175,unsheared.cloud,available,3.98,32.98,medium,low,9,namecheap,,,12/09/2026 19:44
5a72e95b-25be-4c95-a285-cf0aa4ab47a8,preposition.cloud,available,,,high,high,11,,,,
ce876970-49b6-4048-a28c-b7b66fae1f02,gamifying.cloud,available,,,medium,low,9,,,,
214daf93-bf01-4c8b-8f56-38401fcb6abc,nrhp.cloud,available,,,high,high,4,,,,
d267b46a-caae-429e-80f3-5568a1cd7075,brilliantly.cloud,available,,,high,high,11,,,,
c66cf43d-32a2-453d-bfd9-b04769bfa54a,hunker.cloud,available,3.98,32.98,medium,low,6,namecheap,,,10/09/2026 17:39
4c176600-53c7-4250-aafa-dbf36fe28d35,goatees.cloud,available,,,medium,low,7,,,,
ff2f6596-90dc-48b2-9530-b8c7bb7f93a7,artlessness.cloud,available,,,high,low,11,,,,
54f4df6b-d611-4ecb-9880-392bc1f01d2f,spontaneity.cloud,available,5.29,25.99,high,low,11,namesilo,,,
c621dcbe-6b6d-4a44-a1aa-ec618db3cf3e,anecdotal.cloud,available,3.98,32.98,high,low,9,namecheap,,,
49c1e9cc-a401-41d9-a1f8-6f238433b9f8,tibetan.cloud,premium,650,1300,high,low,7,namecheap,,,11/09/2026 15:23
f75a9ece-038a-4c36-b206-74ba95898513,orville.cloud,available,,,high,high,7,,,,
b706a138-4fab-4413-bd14-feafd4cf5d1a,guiding.cloud,premium,104,130,high,low,7,namecheap,,,14/08/2026 08:49
e734828a-5851-4c0b-a7eb-133bd9fd1e89,susanne.cloud,available,,,high,high,7,,,,
8b4c60d0-33dc-4d58-aac6-37108869b5f2,refundable.cloud,available,5.29,25.99,high,low,10,namesilo,,,
fba105b4-0f41-40e5-91a0-60df03430847,compactly.cloud,available,3.98,32.98,high,low,9,namecheap,,,14/09/2026 07:35
1691a30b-3cd6-46ed-a2ac-b65f9d674a4d,historical.cloud,premium,640,640,high,low,10,namesilo,,,24/09/2026 10:25
5479af2a-e46a-43e9-9726-c91c4dcab486,dux.cloud,available,,,high,medium,3,,,,
6a81a4cf-2b02-473c-8320-45751a1b4391,fulldriven.cloud,available,,,high,high,11,,,,
92e0b44e-b68d-47e6-9077-90a1f39e837f,copanaguastla.cloud,available,,,high,high,13,,,,
80381ab0-911c-44a2-ae7c-4e2b0cb7039c,rephotograph.cloud,available,,,high,high,12,,,,
99766e9a-40d6-44e6-8178-86fb9187de87,don.cloud,premium,1400,2800,high,low,3,namecheap,,,
2ce5236c-8585-4f0b-90e1-83b4fa51fab1,phytosanitary.cloud,available,,,high,low,13,,,,
aa1add8a-eaca-45ea-abc0-947dfa444ba6,guarantees.cloud,available,,,high,low,10,,,,
10f22e48-2a39-4fd9-8423-dd00682699a5,antbird.cloud,available,5.29,25.99,high,low,7,namesilo,,,19/09/2026 12:17
9eb69f60-c39f-4e38-84ea-43efccdb6b93,pianistic.cloud,available,3.98,32.98,high,medium,9,namecheap,,,08/09/2026 19:28
7bc04f7f-2308-4c25-a67c-7f252933573e,newsy.cloud,available,3.98,32.98,high,low,5,namecheap,,,20/08/2026 17:15
3a6a1b73-499e-47b8-a01d-fb299bbf599b,capitalised.cloud,available,,,medium,low,11,,,,
eda6154f-c225-4a21-b473-8d007619bf69,telomeres.cloud,available,,,high,low,9,,,,
a4372617-0366-4e18-bce3-49b2f2cf616e,photog.cloud,available,,,high,high,6,,,,
da9cd446-a638-4d6e-8a83-c4954133a865,herbariums.cloud,available,,,medium,low,10,,,,
3dc0682e-6591-4dd0-893e-5b8342679cc2,gravely.cloud,available,3.98,32.98,high,low,7,namecheap,,,13/09/2026 23:09
fe4f9f76-844c-4efb-997e-839e9d4d8f9e,grungy.cloud,available,3.98,32.98,medium,low,6,namecheap,,,09/08/2026 09:36
d282343c-b0e6-49fc-a95c-6a4dfd80c5cd,sizes.cloud,available,3.98,32.98,high,low,5,namecheap,,,19/09/2026 02:18
2bba77da-3029-4778-9b79-071d376450c1,motherland.cloud,available,,,high,high,10,,,,
0bb4017c-5963-40b5-a411-7707711e754d,acapnia.cloud,available,3.98,32.98,high,low,7,namecheap,,,16/09/2026 21:08
a22ecec9-90c7-44c1-9f6a-357e28fe877b,hammurabi.cloud,available,,,high,high,9,,,,
b5c8335d-31ff-4be2-8f30-81616d1a86f0,wreaths.cloud,available,,,high,low,7,,,,
f5740842-794f-4511-a9e9-4a55d06edaf0,angevin.cloud,available,5.29,25.99,high,low,7,namesilo,,,19/09/2026 06:06
b304f4b3-cb30-4639-ab1d-f4627eaf7f61,postperson.cloud,available,,,high,low,10,,,,
2d9b4b61-ccee-4f94-8d46-5d5ebbc07130,oxidized.cloud,available,3.98,32.98,high,low,8,namecheap,,,04/09/2026 22:25
bc739c92-1463-4246-8ecf-214cba5d3397,sleepier.cloud,available,,,medium,low,8,,,,
94012ccd-7800-472a-95e8-736734141320,scrimpy.cloud,available,3.98,32.98,medium,low,7,namecheap,,,24/08/2026 18:10
cd60a550-6b7f-4158-aef1-28df32525f40,countrywide.cloud,available,,,high,high,11,,,,
cbbb4bfe-21e5-4153-8e9d-61bd887d0395,conductorless.cloud,available,,,high,high,13,,,,
cc4ccd8b-4e64-4217-ac35-f098e3c6bc4c,whirlybird.cloud,available,,,high,high,10,,,,
b7867067-17f6-4b56-bbdd-e073eba526c4,obliterate.cloud,available,3.98,32.98,high,low,10,namecheap,,,10/08/2026 15:34
7e10f1e1-732d-44f3-abb3-acc64e7908d2,belem.cloud,available,5.29,25.99,high,low,5,namesilo,,,23/09/2026 04:51
30a4188a-f7b3-4da2-a82d-63b4aec416c9,staccatos.cloud,available,,,medium,low,9,,,,
824091f0-1003-4b46-910d-97c402a3942f,princeton.cloud,available,,,high,high,9,,,,
81c7a31b-a8f6-43c2-b37b-c2ed137f74fe,frenchburg.cloud,available,,,high,high,10,,,,
0fd663df-07bc-464a-8754-8eebd2478d47,typographical.cloud,available,,,high,low,13,,,,
6b37595e-9d1b-4bda-844c-57483a345b35,homestay.cloud,available,,,high,high,8,,,,
be87d1e8-d270-421c-8f39-111a5216e3c1,featherlike.cloud,available,,,high,high,11,,,,
615d7d3f-89e8-4052-844e-973145c75ef8,dated.cloud,premium,625,625,high,low,5,name.com,,,13/08/2026 18:40
f8a0159a-4537-40c1-92a4-3ea934fbba51,apparatus.cloud,resell,,,high,low,9,"HOSTINGER operations, UAB",23/04/2026 19:42,23/04/2027 19:42,26/09/2026 03:56
f67d1c0c-e254-46ac-8bdf-4dabb5b91980,fastgrowing.cloud,available,5.29,25.99,high,low,12,namesilo,,,
caf105c0-6f9c-4dee-a802-ee71de77fc54,holeyness.cloud,available,,,medium,low,9,,,,
6fb2699d-f93d-4fca-9756-21191301185b,webmail.cloud,available,,,high,high,7,,,,
01ceb61a-7d12-49f1-a61e-02d5752df454,transcendency.cloud,available,,,high,high,13,,,,
9bd557d2-7b91-4f1f-9fba-4505668e9b78,excursus.cloud,available,,,high,high,8,,,,
508598f9-f149-4c99-8a1c-ae8ded71bb38,unscramble.cloud,available,,,high,high,10,,,,
3fb8607f-c850-4505-a803-2ae88c3d4078,guano.cloud,available,,,high,high,5,,,,
f1ca3d9a-9021-46e5-bc44-a016865387ce,oversexed.cloud,available,3.98,32.98,medium,low,9,namecheap,,,21/08/2026 09:17
5c7934f3-8557-4c88-b78e-c3c7dad7c78c,either.cloud,available,32.98,,high,low,6,namecheap,,,
b7d8f5ae-1a15-4bc8-bd35-6e039b357210,absorptiometry.cloud,available,,,high,high,14,,,,
2dbb8a48-7f69-427a-9a89-7faf3195cf52,spraying.cloud,available,,,high,high,8,,,,
22f748fe-5e3a-44cf-9f28-fac76d6b9884,philosophically.cloud,available,,,high,high,15,,,,
191c8baf-80b5-4ab3-b7c7-e706e5a561ef,maledict.cloud,available,3.98,32.98,medium,low,8,namecheap,,,
b96ef155-176f-40df-8e08-51900b3f15d9,synchronal.cloud,available,3.98,32.98,medium,low,10,namecheap,,,11/09/2026 06:13
574ef3e6-7d7d-4cd4-9384-a1d6500e61fe,unitard.cloud,available,,,high,high,7,,,,
64b95f6d-3f6d-47e2-b26f-8dbc92d2dd44,kereru.cloud,available,,,high,low,6,,,,
10de07a6-445e-49f9-bc54-6bf795d62a6f,tulle.cloud,available,,,high,high,5,,,,
4c0fbe89-0b3d-4085-afb6-8f496dc11a79,statuettes.cloud,available,,,high,low,10,,,,
cc534557-94a0-443e-9c4e-1c5ebb8cefb4,emmabel.cloud,available,,,high,high,7,,,,
b29aebf2-d450-4dc7-beaa-8926808f8675,stimulatory.cloud,available,,,high,high,11,,,,
56a1be06-612e-4810-b935-8adfcabe3bf7,daunting.cloud,available,39.99,39.99,high,low,8,name.com,,,13/08/2026 18:48
50d05a1d-7609-4318-8802-f09545cd8ff1,feed.cloud,premium,2660,2660,high,low,4,namesilo,,,25/09/2026 05:56
f9172fa4-db81-40cb-94a2-f8e2c34a3f6b,passed.cloud,premium,560,700,high,low,6,namecheap,,,
85f6d536-6877-404c-8883-84d044e53852,tycoons.cloud,available,5.29,25.99,high,low,7,namesilo,,,19/09/2026 22:53
d4a7f831-1fca-4bbc-9a2f-a4f8b06d33aa,crystalise.cloud,available,,,high,high,10,,,,
71351624-5d21-4ffc-8b0f-8d423b8d0709,sport.cloud,premium,13800,13800,high,medium,5,namesilo,,,25/09/2026 22:38
907905d3-e753-4fc7-881a-b9bd5467000c,contains.cloud,premium,116,116,high,low,8,namesilo,,,18/09/2026 15:08
6c936f10-ad26-440a-9104-6971321f2f15,martian.cloud,resell,,,high,low,7,"Spaceship, Inc.",13/06/2026 19:56,13/06/2027 19:56,24/08/2026 16:37
3edaa9f4-c47c-41c7-8bc4-d3b63857d718,floaters.cloud,available,,,high,low,8,,,,
2653d048-57d9-45bb-9275-cf09d56ad4d1,unpin.cloud,available,,,high,high,5,,,,
07cc28cf-7a9d-4a9d-98be-b2a9607385f3,criminologist.cloud,available,,,high,high,13,,,,
8a70241f-ae66-4cc5-aa64-9935c4e5cfc9,pitchwoman.cloud,available,,,high,high,10,,,,
03005251-c2bc-42ec-ac30-38a522739827,rosette.cloud,available,,,high,high,7,,,,
fd883d30-05b4-4cbb-b1b5-3c3fea4a5f18,super.cloud,available,,,high,medium,5,,,,
5a42caeb-fd11-4d43-95ed-bbed555bbf4d,moderns.cloud,available,,,high,low,7,,,,
ff08e608-f522-4529-8872-93f33345460a,twosome.cloud,available,,,high,high,7,,,,
e8d85d8c-a132-4c37-86a9-a037aa94ed2a,ventral.cloud,available,3.98,32.98,high,low,7,namecheap,,,
3a690361-a20e-4a9e-b001-10058f10935d,poodles.cloud,available,,,high,low,7,,,,
c5073949-499f-47df-a5da-c50856da348c,withering.cloud,available,3.98,32.98,high,low,9,namecheap,,,
ac04bafe-d0b0-4214-9d90-960d98695fd6,tools.cloud,premium,6900,6900,high,medium,5,namesilo,,,17/09/2026 15:46
a3e737d0-8328-4388-b858-e6b18e7b6582,jeep.cloud,available,,,high,medium,4,,,,
e9c7ca62-cd24-4603-ad0f-d7102520dcde,byproduct.cloud,available,,,high,high,10,,,,
fb36dd1b-9431-4259-8b70-c62b552826d7,excitedly.cloud,available,3.98,32.98,high,low,9,namecheap,,,14/09/2026 16:52
fbca50c7-1608-41d3-b4f6-2f088e17a5cd,abirritating.cloud,available,,,medium,low,12,,,,
6e8939eb-f27d-47e4-a123-6248a0dff0c2,elot.cloud,available,,,high,high,4,,,,
fa02914b-1a38-4355-bd32-772f598c8fcd,congregant.cloud,available,,,high,high,10,,,,
a1f7f972-6d57-4302-99df-52f39b9167cc,arrival.cloud,premium,520,650,high,low,7,namecheap,,,20/09/2026 09:13
e6f044bd-0808-4ec3-bc48-dcab9283b589,westside.cloud,available,3.98,32.98,high,low,8,namecheap,,,13/09/2026 11:00
a9ce3527-d0b5-4c5a-81d9-945a17de75b9,foliage.cloud,available,,,high,high,7,,,,
cf4f62fe-a66e-4332-ade6-23521c5a8eeb,parisien.cloud,available,,,high,high,8,,,,
ca704e77-fd65-4eb0-a551-baca2212278c,backband.cloud,available,5.29,25.99,high,low,8,namesilo,,,21/09/2026 14:57
fcee10ea-f284-49f8-8443-8cd835d3fb59,indieness.cloud,available,,,high,low,9,,,,
06056956-42d4-42fd-8706-3ec45d0f0619,sinus.cloud,available,,,high,high,5,,,,
6ed7f410-74b0-496d-86e3-01f99eadab2e,endogamous.cloud,available,3.98,32.98,medium,low,10,namecheap,,,17/08/2026 01:10
68d9b72a-76a8-42d7-a7c2-cf646cb6b152,acknowledged.cloud,available,32.98,,high,low,12,namecheap,,,
0a299798-60f3-4ae0-b478-cff3e3d5a35b,deist.cloud,available,3.98,32.98,high,low,5,namecheap,,,14/08/2026 00:15
e278b960-33d4-4a1f-a732-4ae5013356e3,administrable.cloud,available,,,high,high,13,,,,
942409cf-4986-437f-8a52-133612befe92,acervate.cloud,available,3.98,32.98,high,low,8,namecheap,,,
38eaca5b-12f7-4bf1-ac1a-dce294400573,repeat.cloud,premium,116,116,high,low,6,namesilo,,,24/09/2026 12:27
653ca719-cb41-4e52-8777-e4b7f4abd203,demeanour.cloud,available,,,high,high,9,,,,
ebadf433-3e57-450e-83a8-d3ce04e42e11,compilers.cloud,available,5.29,25.99,high,low,9,namesilo,,,
87457edd-dbd9-4963-b113-8883cf6ef3eb,bookboard.cloud,available,,,high,high,9,,,,
ba0e5848-74c8-4e16-a781-055481b57873,responsibly.cloud,available,,,high,high,11,,,,
bb94febe-cea9-48d5-95f2-90c1165493b7,pattern.cloud,resell,,,high,low,7,Porkbun LLC,26/04/2018 15:08,26/04/2027 15:08,25/08/2026 02:49
c748cb88-9ef0-414f-aa6c-255ab2df3833,westralia.cloud,available,,,high,high,9,,,,
a533f342-e312-40e3-a594-975897232831,flabby.cloud,available,3.98,32.98,high,low,6,namecheap,,,18/08/2026 06:05
6afa8bf4-9bd4-4cd8-8bd2-648554c89464,uncontested.cloud,available,,,high,high,11,,,,
be3d961d-b527-4195-bf9d-de64df884226,diagonalization.cloud,available,,,high,high,15,,,,
6881c48b-bf1b-4636-9123-6a4dc328da32,lusty.cloud,premium,104,130,high,low,5,namecheap,,,12/08/2026 20:20
a8fa92ee-09c6-46ad-8aca-fe6524ba25a8,noodly.cloud,available,,,high,low,6,,,,
b35612f8-ece9-48e8-8053-81149f210668,emsian.cloud,available,,,high,high,6,,,,
5b719165-3901-4661-80c4-ee470b36e281,selectable.cloud,available,,,high,high,10,,,,
be7a64ca-69df-4377-83af-5c997432a906,ouverture.cloud,available,,,high,medium,9,,,,
545164d2-dbfc-41db-ba98-b26b7e98dafe,ambiguously.cloud,available,,,high,high,11,,,,
6178eb2e-9623-45d7-8ad0-c459ca9a2d97,craigavon.cloud,available,,,high,high,9,,,,
a4933e46-a2a7-42ee-adc6-43c998559aba,declension.cloud,available,3.98,32.98,high,low,10,namecheap,,,13/09/2026 13:21
cf933b5c-9b05-4a84-a570-152816f49506,chocotini.cloud,available,,,high,high,9,,,,
07bebb11-18ee-4b84-8f50-debc738d1baa,exported.cloud,available,,,medium,low,8,,,,
d33ef10f-e089-47fc-879c-8ca06b30f4b4,romanist.cloud,available,3.98,32.98,high,low,8,namecheap,,,05/09/2026 01:28
f1481173-b111-4999-a551-057f5fea9993,flips.cloud,premium,650,1300,high,low,5,namecheap,,,19/09/2026 20:33
294a5e97-44c5-4420-92a1-e3a843af81af,acinus.cloud,available,3.98,32.98,high,low,6,namecheap,,,17/09/2026 01:46
d4595c58-dd58-4995-9b74-2b9740b3f151,tweedy.cloud,available,3.98,32.98,high,low,6,namecheap,,,21/08/2026 11:21
ec2d5099-b8da-4dbb-912b-814a223eb965,comeuppance.cloud,available,,,high,high,12,,,,
a23b9927-9f90-484f-a742-4a45bcb82b88,bahasa.cloud,available,5.29,25.99,high,low,6,namesilo,,,21/09/2026 18:41
4d3d5157-156c-4956-881b-3294a4f34a82,multisensory.cloud,available,,,high,high,12,,,,
d0bbcf7e-3530-4374-a8a1-549e38fc2423,bailment.cloud,available,9.99,39.99,high,low,8,name.com,,,21/09/2026 19:09
93c7f6eb-97c7-498e-ad11-ea966005de0e,courtroom.cloud,available,5.29,25.99,high,low,9,namesilo,,,25/09/2026 09:07
f8babfc2-7fdc-4380-b7d1-1ca889dd297e,spavined.cloud,available,3.98,32.98,high,medium,8,namecheap,,,10/09/2026 15:20
4467a55d-cd5e-44a1-887d-c38aaba40d1b,ayr.cloud,premium,1300,2600,high,low,3,namecheap,,,21/09/2026 10:41
51575ef7-606c-488b-b749-e8300101e0d2,clinic.cloud,resell,,,high,low,6,Porkbun LLC,11/02/2016 01:45,11/02/2027 01:45,
87ec9ca2-19aa-4d31-9d10-5ddc1d73a866,palpitant.cloud,available,3.98,32.98,high,low,9,namecheap,,,05/09/2026 00:17
f79f880a-8f55-4c67-9fe3-ab163798f1a5,reedit.cloud,available,,,high,high,7,,,,
a04e9652-fbb4-4d5c-ae72-9fe046e35770,atwell.cloud,available,,,high,high,6,,,,
2b99907b-bbce-47df-8ba7-dd516fc73a00,flexings.cloud,available,,,medium,low,8,,,,
4d025211-6a9d-4abd-bb51-948011265ed4,lodgings.cloud,available,,,high,high,8,,,,
51bccabb-6613-4bfd-a490-ae54709feb08,fruit.cloud,resell,,,high,low,5,GoDaddy,17/02/2016 02:48,17/02/2027 02:48,
ac60e631-5119-4bc0-8b50-83ba8cfb244e,shmoose.cloud,available,,,high,high,7,,,,
5744d3d8-a0e7-4be5-9cf6-1f4604d1ab27,ulf.cloud,available,,,high,high,3,,,,
39752416-5673-4295-9ef4-793865778869,exploders.cloud,available,,,medium,low,9,,,,
97871bd5-36d4-4c7d-b2f0-4a0de13f2e67,surgeons.cloud,available,,,high,low,8,,,,
6c381543-fe01-4873-8455-24f97f60978e,rhinion.cloud,available,,,high,high,7,,,,
928f20ff-1edc-4f5a-9fd5-1c879fdfba5e,acerb.cloud,available,3.98,32.98,medium,low,5,namecheap,,,
ff966c7e-5cf2-4edf-bdfc-6edb3aa7cd4a,automatization.cloud,available,,,high,high,14,,,,
52fa181a-4ad0-4a30-949e-c5169dc01fa7,spaceward.cloud,available,5.29,25.99,medium,low,9,namesilo,,,16/09/2026 05:42
a2439a6d-329c-4a4b-be63-4587a2d4f02a,selfdrilling.cloud,available,,,high,high,13,,,,
16521cc3-37ca-44d7-823e-5558f2fe8618,guaranty.cloud,available,,,high,high,8,,,,
2bdebe99-6bbd-4699-8ace-27235e494318,stipend.cloud,available,,,high,high,7,,,,
b9171db3-839c-49f4-8f76-21f40a97869a,dylan.cloud,resell,,,high,low,5,"Sav.com, LLC",15/11/2023 00:16,15/11/2026 00:16,25/09/2026 00:22
016a2718-98a7-4cba-8add-85afe3f52c2d,summonable.cloud,available,,,high,high,10,,,,
a6af2274-ed29-4ea0-b5b5-8f443fcbce68,fragrance.cloud,available,,,high,high,9,,,,
dcb01d38-e14d-41d9-aecd-b2d028859f02,van.cloud,premium,6900,6900,high,low,3,namesilo,,,22/09/2026 14:26
301e8f79-8d45-48f8-833b-7f8e2ec2a84f,entitylike.cloud,available,,,high,high,10,,,,
d8df7f6f-770d-4968-b887-1f3989e41bd3,sillahdar.cloud,available,,,high,high,9,,,,
cd30b25f-13fc-4019-81e9-d63be84a4d87,acidulating.cloud,available,,,medium,low,11,,,,
51096e02-12c0-420c-a6de-3c9cb6828fc9,imposed.cloud,available,3.98,32.98,high,low,7,namecheap,,,21/08/2026 22:50
a5fa7237-de1a-4fd6-9c82-0940cbacfaea,tuners.cloud,available,,,high,low,6,,,,
376f7aca-615f-477b-bdaf-b2f65b9668de,busking.cloud,available,,,high,high,7,,,,
a67f14f1-95b7-4901-8546-f85cc36d939e,ranted.cloud,available,5.29,25.99,medium,low,6,namesilo,,,20/09/2026 16:55
7adf835c-e71a-4a23-9c8a-161778aeea0d,occupier.cloud,available,3.98,32.98,high,low,8,namecheap,,,09/09/2026 14:58
5c75f2db-cd7e-4359-9f73-bc71345677cc,stilettos.cloud,available,,,high,low,9,,,,
6f90ee9b-c174-4776-b75c-32917e103687,soundbar.cloud,available,5.29,25.99,high,low,8,namesilo,,,
5fbc06ad-0da9-45c3-b59a-a101be548ef1,crickets.cloud,available,,,high,high,8,,,,
f8aecd04-3000-4f7a-9128-0831de82cb07,resentful.cloud,available,3.98,32.98,high,low,9,namecheap,,,09/09/2026 14:48
96fe70d5-e0ae-4bff-ad3a-ab992b8ba317,puerh.cloud,available,,,high,high,6,,,,
8520acdd-236c-4498-84c2-05a89a1d583e,programmers.cloud,available,,,high,medium,11,,,,
6a09e3e7-da73-4a03-b9be-b4415f2ce88e,gra.cloud,available,,,high,high,3,,,,
39935347-885b-4388-a193-55df973814e9,languor.cloud,available,,,high,high,7,,,,
39aa100a-a345-43ce-a163-5619c7f2ba45,activists.cloud,available,,,high,low,9,,,,
b6f8fa58-52eb-48eb-bfdf-c4de4ac071f1,braces.cloud,premium,650,1300,high,low,6,namecheap,,,24/09/2026 07:52
8fc37216-14e5-4daf-a228-232dd1eb1af0,goldenrod.cloud,available,,,high,high,9,,,,
04af89cf-ebb7-4ef3-9549-cc34cf17572c,overdone.cloud,available,3.98,32.98,high,low,8,namecheap,,,17/08/2026 15:34
89501384-e786-4241-b14c-a645c115be16,fireboats.cloud,available,,,high,low,9,,,,
5066fa45-4396-4c59-9199-8aaf88b92b86,lutzen.cloud,available,5.29,25.99,medium,low,6,namesilo,,,22/09/2026 15:24
6b4f0637-b02d-4d97-94d0-44e2365762c1,metalize.cloud,available,,,high,high,8,,,,
fb21337b-0952-46ef-893c-a777e56f9fc2,lessees.cloud,available,,,medium,low,7,,,,
572958e2-fc4e-4005-95a5-697a537bb022,impound.cloud,available,3.98,32.98,high,low,7,namecheap,,,12/08/2026 21:04
69f1a771-748e-4ef3-966d-2bde8225461f,counterweight.cloud,available,,,high,high,13,,,,
c01145d6-2685-42e6-b6c8-69f45daad731,beda.cloud,premium,116,116,high,low,4,namesilo,,,21/09/2026 17:20
d1703f57-ab96-43a2-82a9-65ee221f39f8,conceding.cloud,available,,,high,high,9,,,,
d83294e0-2f90-408f-a3e2-5115d5a6863e,boric.cloud,available,3.98,32.98,high,low,5,namecheap,,,10/08/2026 19:48
cce9fd1c-c351-408e-8eae-0e8807e6ee3a,agronomic.cloud,available,3.98,32.98,high,low,9,namecheap,,,
a958cab7-b6cc-44df-a126-8cea3d8f24bf,partiality.cloud,available,,,high,high,10,,,,
dc982ab8-b3a2-4b3d-bf2c-b0b17b131549,townhome.cloud,available,,,high,high,8,,,,
b56af0f2-171b-4f83-9602-98650be5cbea,parentheses.cloud,available,,,high,high,11,,,,
cd06daf3-f70c-4a00-88fe-4a5da69d4708,countercultural.cloud,available,,,high,high,15,,,,
e5fe843a-f35e-4c02-964d-654bc3b35f3d,bioresource.cloud,available,,,high,high,11,,,,
f8f5a725-5f1d-4def-b159-4fa4d2433124,unrigged.cloud,available,3.98,32.98,high,low,8,namecheap,,,12/09/2026 18:28
9f534341-f60d-4980-9da8-33ce08ac55be,physics.cloud,resell,,,high,low,7,,,,25/09/2026 23:49
743b6c17-d214-4cf7-808c-1ee37f924e74,contlines.cloud,available,,,low,low,9,,,,
9eb44c8a-db32-4a9f-b607-a15beec7c998,fifths.cloud,available,,,high,low,6,,,,
06577242-9c93-4cb8-b117-35dfea99b0be,pretrial.cloud,available,,,high,high,8,,,,
7f83933e-c9bb-4549-bcd4-2a296fe182de,terminal.cloud,resell,,,high,low,8,"Dynadot, LLC",28/04/2018 00:47,28/04/2027 00:47,08/09/2026 11:51
f947444f-305e-4c21-b447-06e7f7cbed2e,depositor.cloud,available,,,high,high,9,,,,
d4190cbd-dfc3-434d-b2ff-b7c0a2aebdf8,prewash.cloud,available,,,high,high,7,,,,
819db4ee-b730-4c46-9967-efa73c77a33b,table.cloud,resell,,,high,low,5,Porkbun LLC,08/05/2018 13:28,08/05/2027 13:28,25/09/2026 14:35
819fb236-ed7f-4ac2-946c-d1dff4ef0d45,gawky.cloud,available,3.98,32.98,medium,low,5,namecheap,,,12/08/2026 13:06
adf27508-b20b-4625-aee2-ef955e6e347d,stabiliser.cloud,available,,,high,high,10,,,,
261f5449-c713-4320-b8f2-b65700e1d251,sperm.cloud,available,32.98,,high,low,5,namecheap,,,
aed41ad2-b027-4d01-a332-4a55118bbbad,pegging.cloud,available,,,high,high,7,,,,
632a5066-3007-4756-88e8-f327847e08b0,backlash.cloud,available,3.98,32.98,high,low,8,namecheap,,,21/09/2026 15:29
322f3c94-8bf2-44a9-bbd1-93c681d44b94,skeleton.cloud,available,,,high,high,8,,,,
bd8793e9-901e-4a10-8990-1a9f1e24ba2c,yuppies.cloud,available,,,high,low,7,,,,
67f9a5c8-2c75-4edf-a14b-6d43acac6472,veinal.cloud,available,3.98,32.98,medium,low,6,namecheap,,,13/09/2026 01:51
90e5ec05-8e8e-4721-81c7-9786cf29ec01,dualistic.cloud,available,3.98,32.98,high,low,9,namecheap,,,14/08/2026 20:40
d5c74deb-4690-4363-87de-ccf9d4046071,auspices.cloud,available,5.29,25.99,high,low,8,namesilo,,,17/09/2026 12:16
4e7683fb-257d-48e7-a2fa-01cd56cf6313,warships.cloud,available,,,high,low,8,,,,
0685b009-f34e-4355-9751-9d6f3b317d61,snorkeling.cloud,available,,,high,high,10,,,,
a9d6afaa-d5c6-4c03-a513-cc94b2924c10,dural.cloud,available,3.98,32.98,high,low,5,namecheap,,,14/08/2026 21:30
4dc39376-e917-43ca-b4d8-bdb97960524b,soothe.cloud,available,,,high,high,6,,,,
fb5db3c2-49be-4503-b3d1-3eb5d098f125,tuneful.cloud,available,3.98,32.98,high,low,7,namecheap,,,24/08/2026 19:43
4823b501-e435-40a0-b27e-e6840858658d,bellow.cloud,available,5.29,25.99,high,low,6,namesilo,,,23/09/2026 06:17
7e2678cd-7742-4554-88fe-394dceefcd5f,dimm.cloud,available,,,high,high,4,,,,
f8c9cc60-408a-407b-bc57-0bc5b6362553,altruistically.cloud,available,,,high,high,14,,,,
973b19b4-4b32-4762-ab92-cce97af4b92e,rumination.cloud,available,3.98,32.98,high,low,10,namecheap,,,03/09/2026 11:31
f9bc264e-34df-4afa-8670-3e24c75638c9,executory.cloud,available,,,high,low,9,,,,
1fd92b62-2bde-4426-bb69-e886e6a116f9,catalogues.cloud,available,,,high,low,10,,,,
21cefba1-000a-4496-ac96-399b2f034e73,quadriceps.cloud,available,,,high,high,10,,,,
183ad1b3-fb4e-4895-8a80-4fbd04d9007a,deglaze.cloud,available,,,high,high,7,,,,
c854ad2d-f77d-4747-bee2-26d9e280e103,alchemic.cloud,available,3.98,32.98,high,low,8,namecheap,,,
17de02cb-3af9-4f99-9a78-848d9df1c5b9,warmed.cloud,available,3.98,32.98,high,low,6,namecheap,,,13/09/2026 08:22
75edfa2c-2d99-4b71-9e08-32651f36b288,childcare.cloud,premium,2660,2660,high,low,9,namesilo,,,24/09/2026 14:36
02e6dd18-4925-474e-ab1b-f96f70b264e2,poe.cloud,available,,,high,high,3,,,,
50232f22-22c9-4bd0-8272-e036100faabb,oft.cloud,premium,1300,2600,high,low,3,namecheap,,,14/09/2026 20:06
d3e4f380-4537-4b77-8b54-4da80800f90d,disneybounding.cloud,available,,,high,low,14,,,,
93acd4f2-12ef-407d-b8e9-ac0d25d31cfc,passing.cloud,available,5.29,25.99,high,low,7,namesilo,,,24/09/2026 14:24
0eaae6a0-8d99-466e-94c1-7a4861028a9e,apprenticeships.cloud,available,,,high,medium,15,,,,
2b2ab760-f19b-4cd2-afe6-96b2c2b87511,keynesianist.cloud,available,,,high,high,12,,,,
b204e7b2-401e-4609-acb2-46ec8809419a,essene.cloud,available,3.98,32.98,high,low,6,namecheap,,,17/08/2026 13:19
e5316c0a-d89f-4be4-a0bc-883b45af8f0f,playlist.cloud,resell,,,high,high,8,Epik LLC,19/08/2020 00:05,19/08/2025 00:05,
cce56b89-03b1-4128-a13d-55bc4285cea3,constructable.cloud,available,,,high,high,13,,,,
10249b09-2d0b-42fa-bbdc-cfc454c6d7d7,manufactural.cloud,available,,,high,low,12,,,,
51a83ec3-70cb-4d01-a1af-a8a803a2a669,elnath.cloud,available,,,high,high,6,,,,
078546a2-6adb-445a-a2b2-ad6d1083372a,jackpots.cloud,available,,,high,medium,8,,,,
fd1b9dd6-32e7-4bb2-9536-536ab8798cb3,unpatented.cloud,available,3.98,32.98,high,low,10,namecheap,,,12/09/2026 16:29
6e8c99d1-f37d-4836-9968-473d3fe2ca73,knife.cloud,premium,1107,1107,high,low,5,namesilo,,,25/09/2026 23:24
9e56e9ab-0c1c-4f16-ba6e-5a143b9b742f,ferine.cloud,available,3.98,32.98,medium,low,6,namecheap,,,18/08/2026 01:16
41167353-314f-4f09-a16a-ec6e3fa66ba8,audrienne.cloud,available,,,high,high,9,,,,
8560f412-230c-4a69-bf9c-3b637d15bbf3,hearing.cloud,premium,640,640,high,low,7,namesilo,,,24/09/2026 23:40
cb4bb61f-39ad-48ed-a18c-64a96210a758,oxymora.cloud,available,,,medium,low,7,,,,
fe4b0e95-c743-4492-9179-23e30f67a51b,sate.cloud,premium,208,260,high,low,4,namecheap,,,09/09/2026 14:30
9c8904f5-1179-412e-9f03-7cbf428ac12a,semibreve.cloud,available,,,high,medium,9,,,,
550285c8-4d01-40cb-b727-57ed79519a7b,attestations.cloud,available,,,high,low,12,,,,
ed33c15b-0555-4e45-9883-551b57148564,sal.cloud,available,,,high,high,3,,,,
f1458aa3-9777-42f8-bbfa-12d6603b2ee0,atchafalaya.cloud,available,,,high,high,11,,,,
f8d09c57-f0ec-4be3-913e-63258b258ea9,anemometer.cloud,available,3.98,32.98,high,low,10,namecheap,,,19/09/2026 05:15
f9bf4df2-4a47-41cc-926d-74e070613fad,prosthesis.cloud,available,,,high,high,10,,,,
fc8caed7-f936-4021-b498-5ee8fb03214a,tumid.cloud,available,3.98,32.98,high,low,5,namecheap,,,10/08/2026 18:05
6c42d85e-b7fb-4b4f-aaa4-2998c62cded1,smoky.cloud,premium,650,1300,high,low,5,namecheap,,,10/09/2026 11:59
6d4af17e-a3c0-418a-8d2e-92e140beb525,rhizopod.cloud,available,,,high,high,8,,,,
69c4024a-5436-4c73-90db-4f68df651f51,gremlin.cloud,available,,,high,high,7,,,,
7f5b1741-db10-4409-aa0f-d5d4d7e0822c,remarkable.cloud,premium,520,650,high,low,10,namecheap,,,09/09/2026 13:42
281ee08a-d44a-4f77-983c-94c05acfe2f7,ginnels.cloud,available,,,medium,low,7,,,,
5678af69-da72-4f35-95c6-076dd50c878c,apocopation.cloud,available,,,high,high,11,,,,
84ecb564-c922-442c-bb3d-64dc50055292,urged.cloud,available,5.29,25.99,high,low,5,namesilo,,,19/09/2026 03:59
87d233f4-5e6a-4b6b-bfe0-afe195e74222,minimally.cloud,available,3.98,32.98,high,low,9,namecheap,,,15/09/2026 15:02
59d025e3-d509-4f03-a174-80c3a9e8f5bb,quarterfinalist.cloud,available,,,high,high,15,,,,
8b0fc84a-ebdb-4cb5-9493-ce335a9d3312,torrid.cloud,available,3.98,32.98,high,low,6,namecheap,,,06/08/2026 16:35
9aef4eb6-542b-413d-bb81-4dffbb589d00,drown.cloud,available,5.29,25.99,high,low,5,namesilo,,,
f1a12cb1-abc4-418f-87be-f8468ae35e15,enticing.cloud,available,3.98,32.98,high,low,8,namecheap,,,22/09/2026 01:41
8a0987d9-2e63-46cb-913a-38fe0e1247b5,richlands.cloud,available,,,high,high,9,,,,
ee6aab6c-c0a8-4443-9860-b326a226c97c,caramel.cloud,available,,,high,low,7,,,,
5240d612-5ada-4fad-a423-ff37a97a5b21,paleography.cloud,available,,,high,low,11,,,,
d9ee2fdf-6de8-4a85-ab6b-8af868dced06,bipedal.cloud,available,3.98,32.98,high,low,7,namecheap,,,10/08/2026 05:09
f3f62e9a-047d-4f43-990b-e90606fe19d9,scenic.cloud,resell,,,high,low,6,"Spaceship, Inc.",27/01/2026 09:38,27/01/2027 09:38,09/09/2026 22:58
08914272-fde5-41ef-8aa3-f8a267949888,prop.cloud,resell,,,high,low,4,,,,17/09/2026 23:19
a519c289-03ab-4e9a-b565-b4db71e4990a,plugged.cloud,premium,104,130,high,low,7,namecheap,,,08/09/2026 21:30
504f87d9-fb80-4d8d-b35a-81b164bde58f,enborne.cloud,available,,,high,high,7,,,,
f6978b59-1295-499c-bacc-159226acc876,contemporaries.cloud,available,,,high,low,14,,,,
bfef1e37-9415-4ab4-9e58-07d901a8c4ee,syllabary.cloud,available,,,high,high,9,,,,
89482f1f-315d-47c6-b53f-c182fb356e74,sphingine.cloud,available,3.98,32.98,high,medium,9,namecheap,,,10/09/2026 15:32
65746561-68a5-464a-86e2-8898eaa19219,vibrator.cloud,available,,,high,high,8,,,,
3617f200-9a97-4483-be9a-fdeaab664b27,americano.cloud,available,,,high,medium,9,,,,
68b8dd67-485b-4326-a32c-ee7ebf825360,nostratic.cloud,available,,,high,high,9,,,,
020d37d7-063c-4e2a-a919-f82020ff5f98,bacterium.cloud,available,5.29,25.99,high,low,9,namesilo,,,21/09/2026 16:30
0f3209d8-9494-4d21-b321-3cb3f37b7c01,soling.cloud,available,,,high,low,6,,,,
d06b707f-7758-4b4a-b0fc-04715d939a33,benighted.cloud,available,3.98,32.98,medium,low,9,namecheap,,,08/09/2026 09:10
1dbd6ff7-8d6f-4a2e-bde6-f81c1cdc037d,supposed.cloud,available,3.98,32.98,high,low,8,namecheap,,,23/09/2026 20:34
8d254a36-488e-4085-91b9-01bbddaf7271,tampax.cloud,available,,,high,high,6,,,,
1d045055-bfc9-4c79-93f6-343c7f3ffac6,insofar.cloud,available,3.98,32.98,high,low,7,namecheap,,,15/09/2026 06:43
440dd8b1-7901-4b0a-b10e-22b49ae6a8e4,jaqueline.cloud,available,,,high,medium,9,,,,
724cf026-368b-4ce3-98e0-c1094a080952,askant.cloud,available,3.98,32.98,high,low,6,namecheap,,,07/08/2026 03:05
27e85859-7f27-473b-93cb-3c8a1412a38e,readjusting.cloud,available,,,medium,low,11,,,,
271daeef-942d-4106-b1d0-45f033b73d10,toeholds.cloud,available,,,medium,low,8,,,,
75a81147-7fd3-4d84-a97d-c835d89aa42b,keynoter.cloud,available,,,high,high,8,,,,
ef5005a1-0c0d-41f0-8aa9-8f41de58cd6c,assailant.cloud,available,5.29,25.99,high,low,9,namesilo,,,17/09/2026 17:42
44294993-5215-4644-b64d-ebc431eecaa3,fashionableness.cloud,available,,,high,low,15,,,,
36a38b76-a64b-479a-9d16-5dfb8a60fe65,explanations.cloud,available,5.29,25.99,high,low,12,namesilo,,,17/09/2026 10:05
3dc79631-3b66-42d8-bc46-5c2b48461928,coaxes.cloud,available,,,medium,low,6,,,,
d167b5c2-6695-4c50-b8c8-efcf66aead70,spiritwood.cloud,available,,,high,high,10,,,,
ed281029-5acd-47c5-82c7-ded408c49711,yieldful.cloud,available,,,high,high,8,,,,
e32dca2d-0da6-4af6-b820-773ea045ac91,escaping.cloud,available,,,high,high,8,,,,
78e9a201-1437-47b3-b6b6-85bd20f8231d,wikidata.cloud,available,,,high,high,8,,,,
f6ae94a3-b543-4c49-8d3e-a446746e9b5b,kirkhill.cloud,available,,,high,high,8,,,,